site_no,rbiValue_1970,rbiValue_2020,tau,sl,S,D,varS,estimates.Sen's slope,statistic.z,p.value,null.value.z,alternative,method,parameter.n,conf.int1,conf.int2,binary_pvalue,slope_greater0,highlight
01011000,0.105284889120045,0.116272614681875,0.103673473000526,0.291895627975464,127,1225,14291.6669921875,1.47956249084631e-4,1.05397207878442,0.291895700594215,0,two.sided,Sen's slope,50,-1.66748286491765e-4,4.64112215211619e-4,non-significant,true,true
01013500,0.055096511013347,0.0528153417912879,0.0987755134701729,0.315483331680298,121,1225,14291.6669921875,6.0570776990617e-5,1.00378293217563,0.315483252916377,0,two.sided,Sen's slope,50,-8.31118676900155e-5,2.14614314012967e-4,non-significant,true,true
01017000,0.108985063524491,0.125410151150503,0.159183666110039,0.104635953903198,195,1225,14291.6669921875,2.67013240586467e-4,1.62278240701728,0.104635927875791,0,two.sided,Sen's slope,50,-8.93007239470001e-5,7.16262043043727e-4,non-significant,true,true
01019000,0.0402266494742386,0.0353042994467283,-0.167346939444542,0.0879278779029846,-205,1225,14291.6669921875,-2.88568042576347e-4,-1.70643098469858,0.0879278657899547,0,two.sided,Sen's slope,50,-6.50663645873567e-4,6.86191705268594e-5,non-significant,false,true
01022500,0.129271214870092,0.208887132113891,0.245714291930199,0.0120916366577148,301,1225,14291.6669921875,6.803685216265e-4,2.50945733043909,0.0120916823161518,0,two.sided,Sen's slope,50,1.86868364215615e-4,0.00120173017967374,significant,true,true
01030500,0.0716800895563832,0.107211194810927,0.208163261413574,0.0336138010025024,255,1225,14291.6669921875,3.03835605525156e-4,2.12467387310509,0.0336138349987997,0,two.sided,Sen's slope,50,2.66196642914286e-5,5.65422636246464e-4,significant,true,true
01031500,0.221377023600546,0.316413437773956,0.18857142329216,0.0543649196624756,231,1225,14291.6669921875,9.33375932014602e-4,1.92391728666997,0.0543649520575087,0,two.sided,Sen's slope,50,-3.23400245689998e-5,0.00197327719498038,non-significant,true,true
01034500,0.072727357878641,0.101170863732643,0.133061230182648,0.175383448600769,163,1225,14291.6669921875,1.7381677394248e-4,1.35510695843711,0.175383482028116,0,two.sided,Sen's slope,50,-8.08376708691501e-5,4.43665417032189e-4,non-significant,true,true
01038000,0.102632986173003,0.15284867327019,-0.0775510221719742,0.431693732738495,-95,1225,14291.6669921875,-2.59998026708256e-4,-0.786296630204247,0.431693726220145,0,two.sided,Sen's slope,50,-8.11869001922999e-4,3.42079702551654e-4,non-significant,false,true
01042500,0.273185779577778,0.127790726090303,-0.647346913814545,3.4732532822046e-11,-793,1225,14291.6669921875,-0.00381342216737441,-6.62496735235919,3.47324934783449e-11,0,two.sided,Sen's slope,50,-0.00460362882828549,-0.00303825635089967,significant,false,true
01046500,0.092527825998162,0.105862332430367,0.180408164858818,0.0657287836074829,221,1225,14291.6669921875,4.661585114105e-4,1.84026870898866,0.0657287969290145,0,two.sided,Sen's slope,50,-5.45996641335001e-5,0.00105686042861219,non-significant,true,true
01047000,0.263296363367868,0.337522899630341,0.22122448682785,0.0239137411117554,271,1225,14291.6669921875,0.00126808103791441,2.25851159739518,0.0239137823614939,0,two.sided,Sen's slope,50,2.5319785211526e-4,0.00229859016294086,significant,true,true
01052500,0.24266513936617,0.396393711999136,0.394285708665848,5.53131103515625e-5,483,1225,14291.6669921875,0.00168331476054735,4.0318614442388,5.53368097169852e-5,0,two.sided,Sen's slope,50,8.79355373752583e-4,0.00248835965622287,significant,true,true
01053500,0.040742344145329,0.0590954432870763,0.0677551031112671,0.492764592170715,83,1225,14291.6669921875,9.41742723930726e-5,0.685918336986683,0.49276460624325,0,two.sided,Sen's slope,50,-2.62623582898829e-4,4.2047173214275e-4,non-significant,true,true
01054000,0.048317072032118,0.0868608334361759,0.348571419715881,3.66091728210449e-4,427,1225,14291.6669921875,7.25700298702089e-4,3.5634294092235,3.66041162108066e-4,0,two.sided,Sen's slope,50,3.43383167437965e-4,0.00106028636448026,significant,true,true
01054200,0.335120054010199,0.524022672378375,0.211428567767143,0.0309175252914429,259,1225,14291.6669921875,0.00161043351937822,2.15813330417761,0.0309174690613433,0,two.sided,Sen's slope,50,1.31693905593321e-4,0.00329089708521282,significant,true,true
01054500,0.11090609505152,0.164375304588709,0.186938777565956,0.056496262550354,229,1225,14291.6669921875,4.8018023103464e-4,1.9071875711337,0.0564963023813092,0,two.sided,Sen's slope,50,-2.43009736110005e-5,0.00100135844005104,non-significant,true,true
01055000,0.323633984869501,0.437366739018714,0.203265309333801,0.0380343198776245,249,1225,14291.6669921875,0.00135866168057272,2.07448472649631,0.0380343157958867,0,two.sided,Sen's slope,50,8.65577288973962e-5,0.00266861072105562,significant,true,true
01057000,0.251450625792579,0.344060200004651,0.129795923829079,0.186285614967346,159,1225,14291.6669921875,7.05620258519071e-4,1.32164752736458,0.186285549238115,0,two.sided,Sen's slope,50,-3.21707304099072e-4,0.00164611837110448,non-significant,true,true
01059000,0.187001974112865,0.163502386989002,-0.234285712242126,0.0167409051209688,-287,1225,14291.6669921875,-3.67050978855311e-4,-2.39234932168526,0.0167409004574302,0,two.sided,Sen's slope,50,-6.36625025040644e-4,-9.65709380998001e-5,significant,false,true
01064500,0.224916090078941,0.291565454220428,0.115102037787437,0.24156665802002,141,1225,14291.6669921875,6.20547460438175e-4,1.1710800875382401,0.241566586968973,0,two.sided,Sen's slope,50,-4.21607280331743e-4,0.0017289658067595,non-significant,true,true
01066000,0.05537611975124,0.07416720876278,0.0367346927523613,0.712833166122437,45,1225,14291.6669921875,5.830293038388e-5,0.368053741797733,0.712833162190734,0,two.sided,Sen's slope,50,-1.42769307210453e-4,2.50191089223262e-4,non-significant,true,true
01073000,0.173544131580865,0.312714075113306,0.147755101323128,0.132150769233704,181,1225,14291.6669921875,8.29839820478514e-4,1.50567439826345,0.132150779291224,0,two.sided,Sen's slope,50,-2.31411178084611e-4,0.00196872715552834,non-significant,true,true
01073500,0.0987601474419258,0.151799999500797,0.0775510221719742,0.43169379234314,95,1225,14291.6669921875,2.04193422204455e-4,0.786296630204247,0.431693726220145,0,two.sided,Sen's slope,50,-2.73584776969575e-4,7.62149849473871e-4,non-significant,true,true
01076500,0.223083141679226,0.33111327446532,0.217959180474281,0.0260777473449707,267,1225,14291.6669921875,0.00107528287810107,2.22505216632266,0.0260777363536723,0,two.sided,Sen's slope,50,1.12996628112128e-4,0.0018971396895621,significant,true,true
01078000,0.176217522544972,0.264325079716862,0.0563265308737755,0.569484829902649,69,1225,14291.6669921875,1.60759270365666e-4,0.568810328232859,0.569484864788368,0,two.sided,Sen's slope,50,-4.79617667026354e-4,8.76418655629328e-4,non-significant,true,true
01081000,0.0544333187600545,0.0555608893994728,-0.0253061223775148,0.80185604095459,-31,1225,14291.6669921875,-2.35510578308153e-5,-0.250945733043909,0.801856065566224,0,two.sided,Sen's slope,50,-1.98843424387569e-4,1.61428198452365e-4,non-significant,false,true
01092000,0.12248150296671,0.145477631532579,0.0530612245202065,0.5924072265625,65,1225,14291.6669921875,6.62392091990358e-5,0.535350897160338,0.592407237522452,0,two.sided,Sen's slope,50,-1.97731873195545e-4,3.17747116869085e-4,non-significant,true,true
01094500,0.166677852348993,0.244740077461536,0.146122455596924,0.136501908302307,179,1225,14291.6669921875,7.08739120437399e-4,1.48894468272719,0.136501935965376,0,two.sided,Sen's slope,50,-1.83712202086547e-4,0.00176979919210983,non-significant,true,true
01096000,0.162403233937074,0.234280851653439,-0.0138775510713458,0.893530905246735,-17,1225,14291.6669921875,-9.73818771187348e-5,-0.133837724290085,0.893530895868823,0,two.sided,Sen's slope,50,-8.99789992911557e-4,8.31457401870474e-4,non-significant,false,true
01096500,0.321449093486909,0.153111114100339,-0.435102045536041,8.58285784488544e-6,-533,1225,14291.6669921875,-0.00142221065344603,-4.45010433264531,8.58285831412593e-6,0,two.sided,Sen's slope,50,-0.0020429820524592,-8.34397129666668e-4,significant,false,true
01097000,0.0824192799531912,0.138404659039464,0.346938788890839,3.90052795410156e-4,425,1225,14291.6669921875,5.52439174107889e-4,3.54669969368724,3.90088977962585e-4,0,two.sided,Sen's slope,50,2.75449800531602e-4,8.79956487275676e-4,significant,true,true
01097300,0.151261366668719,0.257836058855016,0.335510194301605,6.04510307312012e-4,411,1225,14291.6669921875,0.00126726477897933,3.42959168493342,6.04490165815662e-4,0,two.sided,Sen's slope,50,5.86412723356001e-4,0.00197217372402378,significant,true,true
01099500,0.0476000280666908,0.0514206606775246,0.240816324949265,0.0139220952987671,295,1225,14291.6669921875,2.44538834887829e-4,2.4592681838303,0.0139220575638396,0,two.sided,Sen's slope,50,6.58700528482749e-5,4.2591271209111e-4,significant,true,true
01100000,0.0998781486586365,0.115825532898228,-0.0220408160239458,0.827829360961914,-27,1225,14291.6669921875,-3.89843565749472e-5,-0.217486301971387,0.827829380976393,0,two.sided,Sen's slope,50,-2.67112765571623e-4,2.08839912830148e-4,non-significant,false,true
01100600,0.127621944749036,0.186977342737614,0.0302040819078684,0.763311624526978,37,1225,14291.6669921875,9.01879264845011e-5,0.30113487965269,0.763311644610786,0,two.sided,Sen's slope,50,-6.29870859360518e-4,8.26903036705962e-4,non-significant,true,true
01101000,0.0549048258117798,0.0953544844753243,0.395918369293213,5.14984130859375e-5,485,1225,14291.6669921875,7.10209997811296e-4,4.04859115977506,5.15268643785345e-5,0,two.sided,Sen's slope,50,4.14280306911526e-4,0.00104710403738619,significant,true,true
01102000,0.0583338718826968,0.0764341611976638,0.054693877696991,0.580893039703369,67,1225,14291.6669921875,1.09621296879243e-4,0.552080612696599,0.580893124138696,0,two.sided,Sen's slope,50,-2.06831124897183e-4,4.83772777217161e-4,non-significant,true,true
01102500,0.241352399508392,0.307733076687674,-0.0122448978945613,0.906774461269379,-15,1225,14291.6669921875,-5.56333279599502e-5,-0.117108008753824,0.90677446334059,0,two.sided,Sen's slope,50,-0.00105276159812986,7.58189094551971e-4,non-significant,false,true
01103500,0.0630832400149309,0.0706308080952389,0.0236734692007303,0.814817190170288,29,1225,14291.6669921875,1.83853187543335e-5,0.234216017507648,0.814817280649534,0,two.sided,Sen's slope,50,-1.53254279678579e-4,2.24614624335315e-4,non-significant,true,true
01104200,0.058189569252604,0.0605814556123819,-0.22122448682785,0.023913785815239,-271,1225,14291.6669921875,-2.84522285919359e-4,-2.25851159739518,0.0239137823614939,0,two.sided,Sen's slope,50,-4.9511615797201e-4,-2.00888880259089e-5,significant,false,true
01104500,0.0683958659125916,0.0699381688010873,-0.222857147455215,0.022891454398632,-273,1225,14291.6669921875,-2.6096667066694e-4,-2.27524131293144,0.0228914578254205,0,two.sided,Sen's slope,50,-4.8176293969474e-4,-3.39830246533336e-5,significant,false,true
01105000,0.176085717404223,0.199939862188943,0.121632650494576,0.215716481208801,149,1225,14291.6669921875,2.23739298471639e-4,1.23799894968328,0.215716450276169,0,two.sided,Sen's slope,50,-1.40863447556497e-4,6.2571766888919e-4,non-significant,true,true
01105500,0.186963169049666,0.23136963777626,0.283265292644501,0.00380074977874756,347,1225,14291.6669921875,6.68374420469143e-4,2.89424078777308,0.00380076577941567,0,two.sided,Sen's slope,50,2.30677897178126e-4,0.00105133577746807,significant,true,true
01105600,0.314477528439112,0.429839677966718,0.252244889736176,0.00998413562774658,309,1225,14291.6669921875,0.00184650818782208,2.57637619258413,0.00998419538549779,0,two.sided,Sen's slope,50,4.90463306662044e-4,0.00309887529150674,significant,true,true
01105730,0.255735607022782,0.261709498077452,-0.0040816324763,0.973308205604553,-5,1225,14291.6669921875,-6.27277650752523e-6,-0.0334594310725211,0.973308217017883,0,two.sided,Sen's slope,50,-4.63525281646147e-4,4.1586856261604e-4,non-significant,false,true
01109000,0.116222004533057,0.148311337814539,0.108571425080299,0.269523143768311,133,1225,14291.6669921875,2.25662182036e-4,1.1041612253932,0.269523206273611,0,two.sided,Sen's slope,50,-1.80836885463824e-4,5.91248954976519e-4,non-significant,true,true
01109060,0.096285154686029,0.107477775513924,0.121632650494576,0.215716481208801,149,1225,14291.6669921875,2.3590153234976e-4,1.23799894968328,0.215716450276169,0,two.sided,Sen's slope,50,-1.57182959845401e-4,5.71667995088657e-4,non-significant,true,true
01110000,0.10525743981603,0.135725259505101,0.30775511264801,0.00165975093841553,377,1225,14291.6669921875,8.42905865867471e-4,3.14518652081699,0.0016598097013283,0,two.sided,Sen's slope,50,3.26774367925824e-4,0.0013188195466613,significant,true,true
01111500,0.151192930179399,0.20702257360946,0.0318367332220078,0.750587701797485,39,1225,14291.6669921875,1.3745465147141e-4,0.317864595188951,0.75058764974237,0,two.sided,Sen's slope,50,-5.98855059807233e-4,8.20944891450375e-4,non-significant,true,true
01112500,0.122535198498681,0.173011452414193,0.0204081628471613,0.840888977050781,25,1225,14291.6669921875,5.5559107568117e-5,0.200756586435127,0.840888910748716,0,two.sided,Sen's slope,50,-3.78222718383728e-4,5.70672510357457e-4,non-significant,true,true
01114500,0.11928667049149,0.142121158086096,0.113469384610653,0.248356580734253,139,1225,14291.6669921875,2.8186523222475e-4,1.15435037200198,0.248356552804379,0,two.sided,Sen's slope,50,-1.86583234106502e-4,8.49556572448116e-4,non-significant,true,true
01116000,0.208891045006505,0.0799615703862681,-0.340408176183701,5.01823960803449e-4,-417,1225,14291.6669921875,-0.0018328272934338,-3.4797808315422,5.0182412250329e-4,0,two.sided,Sen's slope,50,-0.00263182208550203,-8.64978529501991e-4,significant,false,true
01117000,0.244173492449652,0.213061450235405,0.115102037787437,0.24156665802002,141,1225,14291.6669921875,2.85398892896594e-4,1.1710800875382401,0.241566586968973,0,two.sided,Sen's slope,50,-1.9735713401095e-4,8.4990932594953e-4,non-significant,true,true
01117500,0.074896784322847,0.0821542930800814,0.443265318870544,5.84125518798828e-6,543,1225,14291.6669921875,5.27934662099489e-4,4.53375291032661,5.79448097833488e-6,0,two.sided,Sen's slope,50,3.05643926154334e-4,7.1449464619418e-4,significant,true,true
01118000,0.128141028403948,0.151950297803241,0.111836731433868,0.255278825759888,137,1225,14291.6669921875,2.66560864193433e-4,1.13762065646572,0.255278917379629,0,two.sided,Sen's slope,50,-1.13641900167113e-4,7.38473930504709e-4,non-significant,true,true
01118300,0.265784208588761,0.286044756209452,0.0367346927523613,0.712833166122437,45,1225,14291.6669921875,1.71698501146668e-4,0.368053741797733,0.712833162190734,0,two.sided,Sen's slope,50,-7.38368433375411e-4,0.00120990622972665,non-significant,true,true
01118500,0.0837474245545994,0.0932291698592016,0.328979581594467,7.71880149841309e-4,403,1225,14291.6669921875,5.19543587358922e-4,3.36267282278837,7.71917913016484e-4,0,two.sided,Sen's slope,50,2.25630537614128e-4,7.87508494750907e-4,significant,true,true
01119500,0.1812348757058,0.244152186684197,-0.137959182262421,0.159933254122734,-169,1225,14291.6669921875,-4.42638565860499e-4,-1.40529610504589,0.159933246094459,0,two.sided,Sen's slope,50,-0.00116598924794286,2.02565680166273e-4,non-significant,false,true
01121000,0.3153776317496,0.32620132339618,-0.144489794969559,0.140962839126587,-177,1225,14291.6669921875,-6.5002347546525e-4,-1.47221496719093,0.140962836913241,0,two.sided,Sen's slope,50,-0.00156542633398033,2.39113097019363e-4,non-significant,false,true
01122500,0.169630760168153,0.222974989295955,-0.0775510221719742,0.431693732738495,-95,1225,14291.6669921875,-1.63696646489997e-4,-0.786296630204247,0.431693726220145,0,two.sided,Sen's slope,50,-5.94279203040062e-4,2.90180762106e-4,non-significant,false,true
01123000,0.230578303583372,0.332717516032009,0.0497959181666374,0.61574387550354,61,1225,14291.6669921875,2.43574078790213e-4,0.501891466087817,0.615743868576716,0,two.sided,Sen's slope,50,-9.34486460879062e-4,0.00131265486333558,non-significant,true,true
01129200,0.106630177882821,0.142559979980606,0.248979598283768,0.0109931230545044,305,1225,14291.6669921875,4.62000184571036e-4,2.54291676151161,0.0109931414063229,0,two.sided,Sen's slope,50,9.69027471693054e-5,7.53766172859773e-4,significant,true,true
01134500,0.219450414491864,0.396454752807091,0.309387743473053,0.00156736373901367,379,1225,14291.6669921875,0.00128013771168933,3.16191623635325,0.00156734642073783,0,two.sided,Sen's slope,50,4.80032493641665e-4,0.00223066273606173,significant,true,true
01135500,0.198949319379543,0.299212208467132,0.136326536536217,0.16496467590332,167,1225,14291.6669921875,4.20865241903735e-4,1.38856638950963,0.164964643698312,0,two.sided,Sen's slope,50,-1.66005929268125e-4,0.00112718132084656,non-significant,true,true
01137500,0.269160015428894,0.358342859858766,0.133061230182648,0.175383448600769,163,1225,14291.6669921875,8.11085211501636e-4,1.35510695843711,0.175383482028116,0,two.sided,Sen's slope,50,-1.99114821264473e-4,0.00177538993926854,non-significant,true,true
01139000,0.194590657016637,0.260785401373566,0.281632661819458,0.00400829315185547,345,1225,14291.6669921875,9.4009565108029e-4,2.87751107223682,0.00400825843713099,0,two.sided,Sen's slope,50,3.04390110615801e-4,0.00154396874985537,significant,true,true
01139800,0.238536066980583,0.301601041142987,0.115102037787437,0.24156665802002,141,1225,14291.6669921875,3.97988560979394e-4,1.1710800875382401,0.241566586968973,0,two.sided,Sen's slope,50,-3.27516214586765e-4,0.00114643000894249,non-significant,true,true
01144000,0.181159933724302,0.259287565101131,0.128163263201714,0.191920876502991,157,1225,14291.6669921875,5.78241253618235e-4,1.30491781182832,0.191920835377182,0,two.sided,Sen's slope,50,-3.50283379387301e-4,0.0013769313921073,non-significant,true,true
01151500,0.174274575021376,0.325733547615882,0.167346939444542,0.0879278182983398,205,1225,14291.6669921875,8.92266057619188e-4,1.70643098469858,0.0879278657899547,0,two.sided,Sen's slope,50,-1.49283229015969e-4,0.00188727957545503,non-significant,true,true
01152500,0.174677998111426,0.212548528695851,0.061224490404129,0.535916686058044,75,1225,14291.6669921875,1.52523822026585e-4,0.618999474841641,0.5359167048477,0,two.sided,Sen's slope,50,-4.08743708458149e-4,7.19925788758897e-4,non-significant,true,true
01154500,0.193478001146535,0.176646654485339,-0.0808163285255432,0.412355184555054,-99,1225,14291.6669921875,-1.51953293424692e-4,-0.819756061276768,0.412355183890253,0,two.sided,Sen's slope,50,-5.07425099780411e-4,2.3418189675855e-4,non-significant,false,true
01161000,0.110104015665929,0.151551013887864,0.0971428602933884,0.323616504669189,119,1225,14291.6669921875,2.06052235695346e-4,0.987053216639374,0.323616550765968,0,two.sided,Sen's slope,50,-1.67364977115003e-4,6.00930767918534e-4,non-significant,true,true
01162000,0.109299808892266,0.134587355561134,-0.0318367332220078,0.750587642192841,-39,1225,14291.6669921875,-6.45932541393636e-5,-0.317864595188951,0.75058764974237,0,two.sided,Sen's slope,50,-4.66232609712428e-4,4.53155130560775e-4,non-significant,false,true
01162500,0.147710544665685,0.21581171700013,-0.00734693882986903,0.946646273136139,-9,1225,14291.6669921875,-3.94391135392611e-5,-0.0669188621450423,0.94664629687619,0,two.sided,Sen's slope,50,-7.28870496124959e-4,5.96366857825409e-4,non-significant,false,true
01163200,0.126058656015385,0.201871710088496,0.0938775539398193,0.340289354324341,115,1225,14291.6669921875,2.00959977641364e-4,0.953593785566852,0.340289302637846,0,two.sided,Sen's slope,50,-2.47254478620375e-4,7.05443042176165e-4,non-significant,true,true
01166500,0.0985464682735439,0.128328832353213,-0.0448979586362839,0.651483416557312,-55,1225,14291.6669921875,-8.00524711940337e-5,-0.451702319479035,0.651483447052109,0,two.sided,Sen's slope,50,-4.904490432348e-4,3.3159460619825e-4,non-significant,false,true
01169000,0.253448862964708,0.324987104635603,-0.142857149243355,0.145534977316856,-175,1225,14291.6669921875,-9.74902495320456e-4,-1.45548525165467,0.145534970276369,0,two.sided,Sen's slope,50,-0.00206623314442186,3.07107083319256e-4,non-significant,false,true
01169900,0.263100016110166,0.294996693850562,-0.0661224499344826,0.503375172615051,-81,1225,14291.6669921875,-4.36892113766424e-4,-0.669188621450423,0.503375163703577,0,two.sided,Sen's slope,50,-0.00178286209139064,0.00119561122898257,non-significant,false,true
01170100,0.237496239255696,0.341671240880775,-0.0644897967576981,0.514105200767517,-79,1225,14291.6669921875,-4.00133046289479e-4,-0.652458905914162,0.514105174538706,0,two.sided,Sen's slope,50,-0.00160171468732711,6.10831152400285e-4,non-significant,false,true
01170500,0.175109368212185,0.191508579974811,0.0824489817023277,0.402881622314453,101,1225,14291.6669921875,1.29330121780689e-4,0.836485776813028,0.402881674992069,0,two.sided,Sen's slope,50,-2.38147675061274e-4,4.74817241486461e-4,non-significant,true,true
01171500,0.226173270809722,0.314318969247308,0.118367344141006,0.228381037712097,145,1225,14291.6669921875,7.21605269187113e-4,1.20453951861076,0.228381117309063,0,two.sided,Sen's slope,50,-4.42994000680943e-4,0.00204590998838631,non-significant,true,true
01173500,0.113552009860987,0.167103023123561,-0.253877550363541,0.00951135065406561,-311,1225,14291.6669921875,-7.28951218388081e-4,-2.59310590812039,0.00951134759684831,0,two.sided,Sen's slope,50,-0.00124280806013618,-1.792986508108e-4,significant,false,true
01174500,0.149681157392835,0.199745109563657,-0.162448972463608,0.0976728647947311,-199,1225,14291.6669921875,-6.82352165371708e-4,-1.6562418380898,0.0976728536695284,0,two.sided,Sen's slope,50,-0.00162934526587336,1.96673942036766e-4,non-significant,false,true
01177000,0.114663992890185,0.116860275820368,-0.239183679223061,0.0145843736827374,-293,1225,14291.6669921875,-5.29121657353e-4,-2.44253846829404,0.0145843752103146,0,two.sided,Sen's slope,50,-9.05512318148734e-4,-1.00942666918364e-4,significant,false,true
01181000,0.271326512912706,0.353246235992582,-0.154285714030266,0.115813031792641,-189,1225,14291.6669921875,-0.00128431210932454,-1.57259326040849,0.115813029236007,0,two.sided,Sen's slope,50,-0.00274376671363703,4.20205656784882e-4,non-significant,false,true
01183500,0.191019465234406,0.214682816731967,0.0530612245202065,0.5924072265625,65,1225,14291.6669921875,1.80382964624689e-4,0.535350897160338,0.592407237522452,0,two.sided,Sen's slope,50,-4.56655069210533e-4,7.34934799256706e-4,non-significant,true,true
01184000,0.122909645305156,0.159212510622004,0.154285714030266,0.115813016891479,189,1225,14291.6669921875,2.63254126176263e-4,1.57259326040849,0.115813029236007,0,two.sided,Sen's slope,50,-8.98601653523308e-5,5.514472748422e-4,non-significant,true,true
01185500,0.199421090116746,0.231642932654995,-0.134693875908852,0.170114293694496,-165,1225,14291.6669921875,-4.8391527727909e-4,-1.37183667397337,0.170114287657054,0,two.sided,Sen's slope,50,-0.0012370085209345,1.78231329992649e-4,non-significant,false,true
01187300,0.315315785938701,0.404082155788394,-0.0155102042481303,0.880316972732544,-19,1225,14291.6669921875,-1.27639636006375e-4,-0.150567439826345,0.880316947769583,0,two.sided,Sen's slope,50,-0.00177532302686126,0.00117515948091053,non-significant,false,true
01196500,0.18275543451831,0.261244239568151,0.0448979586362839,0.651483416557312,55,1225,14291.6669921875,1.61087328424092e-4,0.451702319479035,0.651483447052109,0,two.sided,Sen's slope,50,-6.07093864550201e-4,9.63570760314378e-4,non-significant,true,true
01197000,0.228214132148488,0.330018761939805,-0.0775510221719742,0.431693732738495,-95,1225,14291.6669921875,-4.24486752632153e-4,-0.786296630204247,0.431693726220145,0,two.sided,Sen's slope,50,-0.0013556754277318,6.172995448364e-4,non-significant,false,true
01197500,0.122195680240499,0.182315859928491,0.0465306118130684,0.639475584030151,57,1225,14291.6669921875,1.12446390092125e-4,0.468432035015296,0.639475663584923,0,two.sided,Sen's slope,50,-2.9989142031111e-4,6.13578651230275e-4,non-significant,true,true
01200500,0.11504682337231,0.125803866539866,-0.139591842889786,0.155018761754036,-171,1225,14291.6669921875,-3.22926050920776e-4,-1.42202582058215,0.155018755312122,0,two.sided,Sen's slope,50,-6.73507764881192e-4,9.38371355472086e-5,non-significant,false,true
01205500,0.281940254938212,0.226427542526638,-0.422040820121765,1.58690309035592e-5,-517,1225,14291.6669921875,-0.002402890710514,-4.31626660835523,1.58690298603104e-5,0,two.sided,Sen's slope,50,-0.003872520989173,-0.00149868904914189,significant,false,true
01208500,0.248937857762092,0.267706070105879,0.204897955060005,0.0365087985992432,251,1225,14291.6669921875,5.78090481968547e-4,2.09121444203257,0.0365088452869771,0,two.sided,Sen's slope,50,3.10935511100381e-5,0.00117677059633908,significant,true,true
01208990,0.238072140739885,0.27693542956733,-0.0742857158184052,0.451547741889954,-91,1225,14291.6669921875,-4.02216346397363e-4,-0.752837199131726,0.451547750080907,0,two.sided,Sen's slope,50,-0.0012971002465906,5.44474053934257e-4,non-significant,false,true
01209700,0.329664969177164,0.317938526564721,-0.0889795944094658,0.366311192512512,-109,1225,14291.6669921875,-3.88339600428356e-4,-0.903404638958071,0.366311178847137,0,two.sided,Sen's slope,50,-0.00143200963044027,6.05519124131667e-4,non-significant,false,true
01305000,0.0509803921568627,0.0211793444728459,-0.214693874120712,0.0284089297056198,-263,1225,14291.6669921875,-2.28962309579255e-4,-2.19159273525013,0.02840892697893,0,two.sided,Sen's slope,50,-4.06315445655664e-4,-3.44912026323715e-5,significant,false,true
01305500,0.0755000835794283,0.0378636678549963,-0.516734719276428,1.24617500318891e-7,-633,1225,14291.6669921875,-0.00112770991589745,-5.28659010945834,1.24617443604005e-7,0,two.sided,Sen's slope,50,-0.00142479571670258,-8.14619340097704e-4,significant,false,true
01311500,1.56773457902674,0.344322860238353,-0.70612245798111,4.92918260461966e-13,-865,1225,14291.6669921875,-0.0278839703576967,-7.22723711166457,4.92919062960762e-13,0,two.sided,Sen's slope,50,-0.0319185823645957,-0.023483094903649,significant,false,false
01315000,0.0497346992079217,0.028054836382157,-0.113469384610653,0.248356521129608,-139,1225,14291.6669921875,-2.38007729336173e-4,-1.15435037200198,0.248356552804379,0,two.sided,Sen's slope,50,-7.6845606178398e-4,1.77495886944461e-4,non-significant,false,true
01315500,0.120594424386704,0.225588088666043,0.219591841101646,0.0249754190444946,269,1225,14291.6669921875,5.27422806677001e-4,2.24178188185892,0.0249754727739968,0,two.sided,Sen's slope,50,5.55556581262857e-5,9.16613945425577e-4,significant,true,true
01318500,0.0955112939925499,0.146602132819197,0.110204078257084,0.26233434677124,135,1225,14291.6669921875,1.91532010978374e-4,1.12089094092946,0.262334287449941,0,two.sided,Sen's slope,50,-1.48428939470857e-4,5.23516391551222e-4,non-significant,true,true
01321000,0.170458404074703,0.32227340245423,0.137959182262421,0.15993320941925,169,1225,14291.6669921875,3.94002713724045e-4,1.40529610504589,0.159933246094459,0,two.sided,Sen's slope,50,-2.24207813258418e-4,0.00103842294890205,non-significant,true,true
01325000,0.312807255935218,0.116158780411126,-0.415510207414627,2.14393985515926e-5,-509,1225,14291.6669921875,-0.002712947853921,-4.24934774621018,2.14393872282921e-5,0,two.sided,Sen's slope,50,-0.00404828285365655,-0.00136484067138412,significant,false,true
01331500,0.180616365568544,0.266749951762232,-0.05795918405056,0.558184623718262,-71,1225,14291.6669921875,-2.05569152000115e-4,-0.58554004376912006,0.558184649422657,0,two.sided,Sen's slope,50,-0.00107175367555523,5.29352787403353e-4,non-significant,false,true
01332500,0.21311494359164,0.307064075123889,0.0693877562880516,0.482275009155273,85,1225,14291.6669921875,2.74405530486777e-4,0.702648052522944,0.482275108504501,0,two.sided,Sen's slope,50,-5.16595372435084e-4,0.00110687464385461,non-significant,true,true
01333000,0.21044649493592,0.304043795499321,-0.203265309333801,0.0380343049764633,-249,1225,14291.6669921875,-0.00102961974395057,-2.07448472649631,0.0380343157958867,0,two.sided,Sen's slope,50,-0.0019929011572089,-6.28515857390213e-5,significant,false,true
01334000,0.218949267078221,0.30391228768799,-0.0236734692007303,0.814817249774933,-29,1225,14291.6669921875,-7.67610516939326e-5,-0.234216017507648,0.814817280649534,0,two.sided,Sen's slope,50,-9.26478967925248e-4,6.85471272382659e-4,non-significant,false,true
01334500,0.211784273353725,0.268300792284217,-0.10530611872673,0.284303545951843,-129,1225,14291.6669921875,-3.63424654616999e-4,-1.07070179432068,0.284303535743958,0,two.sided,Sen's slope,50,-0.00118080861497918,3.93757017724754e-4,non-significant,false,true
01336000,0.0794567253390205,0.150145029666589,0.119999997317791,0.221984028816223,147,1225,14291.6669921875,4.4601750366205e-4,1.22126923414702,0.221984098056913,0,two.sided,Sen's slope,50,-3.13552073702866e-4,0.0014632074946979,non-significant,true,true
01346000,0.133500742475643,0.175008482615831,0.00571428565308452,0.95997166633606,7,1225,14291.6669921875,1.72936865654084e-5,0.0501891466087817,0.959971660406615,0,two.sided,Sen's slope,50,-3.92881457894714e-4,4.77318094165208e-4,non-significant,true,true
01347000,0.132561369779655,0.199107169813168,0.0481632649898529,0.627561569213867,59,1225,14291.6669921875,7.7760108287625e-5,0.485161750551557,0.627561611989235,0,two.sided,Sen's slope,50,-2.92815032071334e-4,4.12632032874679e-4,non-significant,true,true
01350000,0.327929810752309,0.389903040492893,-0.0889795944094658,0.366311192512512,-109,1225,14291.6669921875,-7.89425994989087e-4,-0.903404638958071,0.366311178847137,0,two.sided,Sen's slope,50,-0.00207448206924919,8.75720782411502e-4,non-significant,false,true
01351500,0.255478922685949,0.270697072966923,-0.257142871618271,0.00862514600157738,-315,1225,14291.6669921875,-0.00164462628153517,-2.62656533919291,0.00862514315193095,0,two.sided,Sen's slope,50,-0.00270491818016994,-5.03408495816774e-4,significant,false,true
01357500,0.178866035402404,0.240530810732156,0.0334693863987923,0.737931132316589,41,1225,14291.6669921875,1.2783049255885e-4,0.334594310725211,0.737931137172418,0,two.sided,Sen's slope,50,-4.12157640732372e-4,7.93941120458134e-4,non-significant,true,true
01362200,0.226538580823704,0.231591628543244,-0.129795923829079,0.186285570263863,-159,1225,14291.6669921875,-8.51776166191004e-4,-1.32164752736458,0.186285549238115,0,two.sided,Sen's slope,50,-0.00222897087668239,5.23136283000794e-4,non-significant,false,true
01362500,0.188521093992348,0.267344887283829,0.0155102042481303,0.880316972732544,19,1225,14291.6669921875,1.34921128084824e-4,0.150567439826345,0.880316947769583,0,two.sided,Sen's slope,50,-0.00134138891787074,0.00167197749344428,non-significant,true,true
01365000,0.244332075113358,0.335806466522511,-0.0122448978945613,0.906774461269379,-15,1225,14291.6669921875,-9.02624924889283e-5,-0.117108008753824,0.90677446334059,0,two.sided,Sen's slope,50,-0.00127101021830419,0.00101258114245771,non-significant,false,true
01371500,0.197401886262275,0.251557248057552,0.0106122447177768,0.9200439453125,13,1225,14291.6669921875,2.30623060798339e-5,0.100378293217563,0.920044002220843,0,two.sided,Sen's slope,50,-5.19828334966501e-4,5.0963306309597e-4,non-significant,true,true
01372500,0.179624350461894,0.168562843431843,-0.12653061747551,0.197680488228798,-155,1225,14291.6669921875,-4.16908848836811e-4,-1.28818809629206,0.197680494654529,0,two.sided,Sen's slope,50,-0.00117446492917686,2.3752651735965e-4,non-significant,false,true
01375000,0.206003014118207,0.170708571905725,-0.165714278817177,0.0910851359367371,-203,1225,14291.6669921875,-6.71508392267257e-4,-1.68970126916232,0.0910851203409287,0,two.sided,Sen's slope,50,-0.00141508029592708,1.62368963586861e-4,non-significant,false,true
01376800,0.255087879669257,0.300631723878505,0.193469390273094,0.0483696460723877,237,1225,14291.6669921875,0.00198206563240821,1.97410643327875,0.0483696419955999,0,two.sided,Sen's slope,50,1.15673753716829e-5,0.00405406433913196,significant,true,true
01377000,0.308299472233899,0.186772426626922,-0.05795918405056,0.558184623718262,-71,1225,14291.6669921875,-4.84423315619464e-4,-0.58554004376912006,0.558184649422657,0,two.sided,Sen's slope,50,-0.0017335109661161,0.00112304523500479,non-significant,false,true
01377500,0.424324021092786,0.411835689306999,0.157551020383835,0.108262300491333,193,1225,14291.6669921875,0.00150503664352321,1.60605269148101,0.108262333167264,0,two.sided,Sen's slope,50,-3.28884457595667e-4,0.00323015808927217,non-significant,true,true
01378500,0.829722639785422,0.446306815995343,-0.268571436405182,0.00607559643685818,-329,1225,14291.6669921875,-0.00380666195577716,-2.74367334794673,0.00607559608970438,0,two.sided,Sen's slope,50,-0.00725880854750759,-0.00108795746194848,significant,false,true
01379000,0.291846167225584,0.20961728795129,-0.417142868041992,1.98939706024248e-5,-511,1225,14291.6669921875,-0.00116393818518929,-4.26607746174645,1.98939731861538e-5,0,two.sided,Sen's slope,50,-0.00159930087210421,-7.031079353472e-4,significant,false,true
01379500,0.223944151902986,0.160973327920072,-0.490612238645554,5.19642242124974e-7,-601,1225,14291.6669921875,-0.00137243963440214,-5.01891466087817,5.1964226051067e-7,0,two.sided,Sen's slope,50,-0.00183789956609433,-9.67682183506414e-4,significant,false,true
01381000,0.313871252913285,0.267892029009769,-0.170612245798111,0.0818782597780228,-209,1225,14291.6669921875,-5.47906908208879e-4,-1.7398904157711,0.0818782619216012,0,two.sided,Sen's slope,50,-0.00132878003736019,8.32658340821696e-5,non-significant,false,true
01381500,0.418518518518519,0.389417566932832,0.263673454523087,0.00707089900970459,323,1225,14291.6669921875,0.00113410239695902,2.69348420133795,0.00707094964859698,0,two.sided,Sen's slope,50,3.25883608545275e-4,0.0019161363876445,significant,true,true
01383500,0.197984642111564,0.144926774085058,-0.268571436405182,0.00607559643685818,-329,1225,14291.6669921875,-0.00113772535340019,-2.74367334794673,0.00607559608970438,0,two.sided,Sen's slope,50,-0.00194952025755628,-3.71494479269684e-4,significant,false,true
01387500,0.291030982138582,0.25620633974907,-0.0122448978945613,0.906774461269379,-15,1225,14291.6669921875,-6.23369284044963e-5,-0.117108008753824,0.90677446334059,0,two.sided,Sen's slope,50,-9.70055011195687e-4,8.4988430068625e-4,non-significant,false,true
01388000,0.287048931449258,0.226379004744776,-0.129795923829079,0.186285570263863,-159,1225,14291.6669921875,-6.31507686541857e-4,-1.32164752736458,0.186285549238115,0,two.sided,Sen's slope,50,-0.00172671899950289,3.82887137571876e-4,non-significant,false,true
01388500,0.262040125027951,0.213814818976353,-0.119999997317791,0.221984028816223,-147,1225,14291.6669921875,-5.97831522239519e-4,-1.22126923414702,0.221984098056913,0,two.sided,Sen's slope,50,-0.00171919076916787,3.49629888266353e-4,non-significant,false,true
01389500,0.161887101735788,0.11551988051555,-0.154285714030266,0.115813031792641,-189,1225,14291.6669921875,-3.58167478966398e-4,-1.57259326040849,0.115813029236007,0,two.sided,Sen's slope,50,-7.43096729489794e-4,8.53284959903e-5,non-significant,false,true
01391500,0.545490267990465,0.428262004175365,-0.133061230182648,0.175383493304253,-163,1225,14291.6669921875,-9.38478725780356e-4,-1.35510695843711,0.175383482028116,0,two.sided,Sen's slope,50,-0.00208808493763875,3.35272748973793e-4,non-significant,false,true
01393450,1.09556302368355,0.850001537385011,-0.0857142880558968,0.384330332279205,-105,1225,14291.6669921875,-8.89919986448998e-4,-0.86994520788555,0.384330348201332,0,two.sided,Sen's slope,50,-0.00304261256592213,0.00125134200569747,non-significant,false,true
01394500,1.09836897484082,0.778597964085922,-0.389387756586075,6.84320912114345e-5,-477,1225,14291.6669921875,-0.00352963436201609,-3.98167229763002,6.84320872803324e-5,0,two.sided,Sen's slope,50,-0.00505804922034866,-0.0019839751074016,significant,false,true
01395000,0.953239779033812,0.656747978402231,-0.490612238645554,5.19642242124974e-7,-601,1225,14291.6669921875,-0.0048623539934244,-5.01891466087817,5.1964226051067e-7,0,two.sided,Sen's slope,50,-0.00652781005534005,-0.003287790473641,significant,false,true
01396500,0.319481655640002,0.352412763774538,0.182040810585022,0.0633113384246826,223,1225,14291.6669921875,8.73011944214023e-4,1.85699842452492,0.0633113782288064,0,two.sided,Sen's slope,50,-2.12511663307824e-5,0.00184148988005347,non-significant,true,true
01397000,0.348711972738669,0.287385862954453,-0.0351020395755768,0.725345253944397,-43,1225,14291.6669921875,-2.62588401044685e-4,-0.351324026261472,0.725345271990754,0,two.sided,Sen's slope,50,-0.00133065476935857,8.559294051353e-4,non-significant,false,true
01398000,0.907638103235693,0.740666589130543,0.00897959154099226,0.933335781097412,11,1225,14291.6669921875,4.97695954107227e-5,0.0836485776813028,0.933335842841861,0,two.sided,Sen's slope,50,-0.00196601424128343,0.00211211645641807,non-significant,true,true
01399500,0.203671851476041,0.187980629492239,-0.0220408160239458,0.827829360961914,-27,1225,14291.6669921875,-4.35304322402001e-5,-0.217486301971387,0.827829380976393,0,two.sided,Sen's slope,50,-5.35618032455081e-4,4.00798437726689e-4,non-significant,false,true
01400000,0.527618374558304,0.461469356203449,0.0563265308737755,0.569484829902649,69,1225,14291.6669921875,4.71526766862772e-4,0.568810328232859,0.569484864788368,0,two.sided,Sen's slope,50,-8.22951927078134e-4,0.00201187877429165,non-significant,true,true
01400500,0.45810295116489,0.384932282275986,-0.0204081628471613,0.840888917446136,-25,1225,14291.6669921875,-1.13641947896698e-4,-0.200756586435127,0.840888910748716,0,two.sided,Sen's slope,50,-0.00119912121080354,9.83205853870976e-4,non-significant,false,true
01401000,0.775878601222598,0.667080306606998,0.0906122475862503,0.357502460479736,111,1225,14291.6669921875,8.48597939669134e-4,0.920134354494331,0.357502553590208,0,two.sided,Sen's slope,50,-0.00113463347227993,0.00281200993037863,non-significant,true,true
01402000,0.535492775754728,0.394281157073812,-0.0840816348791122,0.393539786338806,-103,1225,14291.6669921875,-4.75064399239292e-4,-0.853215492349289,0.393539813611605,0,two.sided,Sen's slope,50,-0.00156337069398886,7.64518937739226e-4,non-significant,false,true
01403060,0.517549537212864,0.419838951444986,-0.100408166646957,0.307485401630402,-123,1225,14291.6669921875,-4.72031851317001e-4,-1.02051264771189,0.307485394006296,0,two.sided,Sen's slope,50,-0.00145115746918334,4.69204903005029e-4,non-significant,false,true
01405400,0.349239500567537,0.329063158750113,0.252244889736176,0.00998413562774658,309,1225,14291.6669921875,0.00161392141466377,2.57637619258413,0.00998419538549779,0,two.sided,Sen's slope,50,4.31250946089865e-4,0.00279572802119618,significant,true,true
01407500,0.611171605486829,0.537957796854773,0.144489794969559,0.140962839126587,177,1225,14291.6669921875,0.00128444336080193,1.47221496719093,0.140962836913241,0,two.sided,Sen's slope,50,-4.1789322428309e-4,0.00298093810640029,non-significant,true,true
01407705,0.711364810668504,0.465344578215079,0.00734693882986903,0.946646213531494,9,1225,14291.6669921875,4.89852359695433e-5,0.0669188621450423,0.94664629687619,0,two.sided,Sen's slope,50,-0.00183948875605939,0.0018760412956851,non-significant,true,true
01407760,0.771445806082926,0.65116456583362,0.0824489817023277,0.402881622314453,101,1225,14291.6669921875,0.00113960242185505,0.836485776813028,0.402881674992069,0,two.sided,Sen's slope,50,-0.001506674047603,0.00322351641413733,non-significant,true,true
01408000,0.44383445945946,0.35751379995584,0.296326518058777,0.00246119499206543,363,1225,14291.6669921875,0.00189934993133434,3.02807851206316,0.0024611413612515,0,two.sided,Sen's slope,50,6.24668387285229e-4,0.00310624244439927,significant,true,true
01408500,0.122136837806734,0.0964054241503838,0.193469390273094,0.0483696460723877,237,1225,14291.6669921875,3.86450854986943e-4,1.97410643327875,0.0483696419955999,0,two.sided,Sen's slope,50,5.41579365032412e-6,7.11099685663572e-4,significant,true,true
01409400,0.138681860962023,0.0761784538482521,-0.229387760162354,0.0191724859178066,-281,1225,14291.6669921875,-4.69467253860941e-4,-2.3421601750764802,0.0191724847552231,0,two.sided,Sen's slope,50,-8.30023725166637e-4,-7.39719565043478e-5,significant,false,true
01410000,0.160536118132234,0.121616901386826,0.0351020395755768,0.725345253944397,43,1225,14291.6669921875,7.04701112287037e-5,0.351324026261472,0.725345271990754,0,two.sided,Sen's slope,50,-3.67188778326e-4,5.41956350565923e-4,non-significant,true,true
01411000,0.102872945152865,0.121993024015793,0.284897953271866,0.00360310077667236,349,1225,14291.6669921875,5.9074096694275e-4,2.91097050330934,0.00360308030418549,0,two.sided,Sen's slope,50,2.24984482046941e-4,0.00103561363453095,significant,true,true
01411500,0.119143394111247,0.128954044323929,0.144489794969559,0.140962839126587,177,1225,14291.6669921875,3.12161068464737e-4,1.47221496719093,0.140962836913241,0,two.sided,Sen's slope,50,-1.10496418549155e-4,7.7654141417485e-4,non-significant,true,true
01413500,0.224448382302504,0.223072581088171,-0.172244891524315,0.0789825767278671,-211,1225,14291.6669921875,-8.9522372494146e-4,-1.75662013130736,0.078982579263783,0,two.sided,Sen's slope,50,-0.00199501096444292,1.17435296003748e-4,non-significant,false,true
01414500,0.254942767950052,0.333238934701396,0.0514285713434219,0.604024887084961,63,1225,14291.6669921875,3.46228781751109e-4,0.518621181624078,0.604024935149754,0,two.sided,Sen's slope,50,-8.91795560780482e-4,0.00141879807325146,non-significant,true,true
01415000,0.243919446476888,0.234211446967601,-0.118367344141006,0.228381037712097,-145,1225,14291.6669921875,-6.47555858066473e-4,-1.20453951861076,0.228381117309063,0,two.sided,Sen's slope,50,-0.00173509110342238,4.81463984122415e-4,non-significant,false,true
01417000,0.244461417448502,0.113620186576306,-0.20653061568737,0.0350358113646507,-253,1225,14291.6669921875,-0.00234884282914718,-2.10794415756883,0.0350358200268029,0,two.sided,Sen's slope,50,-0.00419241220714409,-1.45788994159013e-4,significant,false,true
01420500,0.280017199828002,0.333411364954719,-0.00897959154099226,0.933335840702057,-11,1225,14291.6669921875,-1.72308134224984e-5,-0.0836485776813028,0.933335842841861,0,two.sided,Sen's slope,50,-0.00114435779186173,0.00115493111903325,non-significant,false,true
01421000,0.233919008886445,0.240317308474724,-0.146122455596924,0.136501953005791,-179,1225,14291.6669921875,-7.2551903612661e-4,-1.48894468272719,0.136501935965376,0,two.sided,Sen's slope,50,-0.00164251049141069,1.89897091025701e-4,non-significant,false,true
01423000,0.218806738344464,0.240370209727062,-0.216326534748077,0.0272217970341444,-265,1225,14291.6669921875,-0.00118053441155847,-2.2083224507864,0.0272218033869392,0,two.sided,Sen's slope,50,-0.00209436970931759,-1.450485510445e-4,significant,false,true
01425000,0.167007559357629,0.0748343092465092,-0.516734719276428,1.24617500318891e-7,-633,1225,14291.6669921875,-0.00250309174442907,-5.28659010945834,1.24617443604005e-7,0,two.sided,Sen's slope,50,-0.00323116332461532,-0.0017421561498155,significant,false,true
01426500,0.169219731637323,0.138180012442993,-0.376326531171799,1.19166470540222e-4,-461,1225,14291.6669921875,-0.00132224138407129,-3.84783457333993,1.19166473030526e-4,0,two.sided,Sen's slope,50,-0.002001693871929,-6.66763263186479e-4,significant,false,true
01428500,0.19118884537573,0.204427175939812,-0.178775504231453,0.0682217925786972,-219,1225,14291.6669921875,-6.3387933794063e-4,-1.8235389934524,0.0682217968480001,0,two.sided,Sen's slope,50,-0.00135139688962478,8.50033757115264e-5,non-significant,false,true
01429000,0.175764715884593,0.178863285472684,-0.0351020395755768,0.725345253944397,-43,1225,14291.6669921875,-1.91160596168479e-4,-0.351324026261472,0.725345271990754,0,two.sided,Sen's slope,50,-0.00108370552534696,7.24157261392594e-4,non-significant,false,true
01429500,0.29560626245096,0.358721257896636,0.0530612245202065,0.5924072265625,65,1225,14291.6669921875,2.62042006479478e-4,0.535350897160338,0.592407237522452,0,two.sided,Sen's slope,50,-5.79581193339222e-4,0.00110142914893139,non-significant,true,true
01431500,0.221988835272968,0.266354887573077,0.0514285713434219,0.604024887084961,63,1225,14291.6669921875,3.00850853554537e-4,0.518621181624078,0.604024935149754,0,two.sided,Sen's slope,50,-6.09722649982757e-4,0.00121557943828505,non-significant,true,true
01434000,0.173074517847762,0.193813763690144,-0.157551020383835,0.108262345194817,-193,1225,14291.6669921875,-4.66706115026168e-4,-1.60605269148101,0.108262333167264,0,two.sided,Sen's slope,50,-0.0010900303014274,1.10963519730455e-4,non-significant,false,true
01435000,0.295754960649063,0.387311688243919,-0.0873469412326813,0.375253915786743,-107,1225,14291.6669921875,-6.8060521698005e-4,-0.88667492342181,0.375253943032718,0,two.sided,Sen's slope,50,-0.00220044974686013,8.43354464827068e-4,non-significant,false,true
01436000,0.0769694485302983,0.190836388832751,0.0334693863987923,0.737931132316589,41,1225,14291.6669921875,5.53268437769563e-4,0.334594310725211,0.737931137172418,0,two.sided,Sen's slope,50,-0.00222400501002077,0.0033377421599058,non-significant,true,true
01437500,0.15091285123377501,0.218581777305939,-0.05795918405056,0.558184623718262,-71,1225,14291.6669921875,-2.38614377473286e-4,-0.58554004376912006,0.558184649422657,0,two.sided,Sen's slope,50,-9.50830830358599e-4,5.33720766176667e-4,non-significant,false,true
01438500,0.159675067467572,0.184739944537604,-0.172244891524315,0.0789825767278671,-211,1225,14291.6669921875,-5.40970507893812e-4,-1.75662013130736,0.078982579263783,0,two.sided,Sen's slope,50,-0.001018262257583,9.68262186437705e-5,non-significant,false,true
01439500,0.173847762256429,0.192918170839603,-0.061224490404129,0.535916686058044,-75,1225,14291.6669921875,-1.40036694444502e-4,-0.618999474841641,0.5359167048477,0,two.sided,Sen's slope,50,-6.45912747125182e-4,3.42087224066947e-4,non-significant,false,true
01440000,0.234831142215536,0.264758056418511,-0.00244897953234613,0.986652255058289,-3,1225,14291.6669921875,-2.77182217141246e-5,-0.0167297155362606,0.986652240905891,0,two.sided,Sen's slope,50,-8.219821374628e-4,7.70601323158956e-4,non-significant,false,true
01440400,0.207618196415857,0.257335710011966,-0.061224490404129,0.535916686058044,-75,1225,14291.6669921875,-3.296193034424e-4,-0.618999474841641,0.5359167048477,0,two.sided,Sen's slope,50,-0.0012118177239565,6.41859641671461e-4,non-significant,false,true
01442500,0.212235742922237,0.274155382417424,0.0808163285255432,0.412355184555054,99,1225,14291.6669921875,3.9053799354257e-4,0.819756061276768,0.412355183890253,0,two.sided,Sen's slope,50,-3.82568499518443e-4,0.00124788347297386,non-significant,true,true
01443900,0.209167718292493,0.223303536173712,-0.119999997317791,0.221984028816223,-147,1225,14291.6669921875,-6.71622182097529e-4,-1.22126923414702,0.221984098056913,0,two.sided,Sen's slope,50,-0.00163750310893068,3.48703965613858e-4,non-significant,false,true
01445500,0.170029509129855,0.178127451599232,0.0432653054594994,0.663582324981689,53,1225,14291.6669921875,1.01967547222974e-4,0.434972603942775,0.663582313144632,0,two.sided,Sen's slope,50,-3.21506781799369e-4,4.58008252700333e-4,non-significant,true,true
01446500,0.13963889224085901,0.156654479558574,-0.180408164858818,0.0657287985086441,-221,1225,14291.6669921875,-4.49060464174295e-4,-1.84026870898866,0.0657287969290145,0,two.sided,Sen's slope,50,-8.61359761594265e-4,1.54656958478577e-5,non-significant,false,true
01447500,0.198151238168367,0.266973775776645,-0.0857142880558968,0.384330332279205,-105,1225,14291.6669921875,-4.29987848346249e-4,-0.86994520788555,0.384330348201332,0,two.sided,Sen's slope,50,-0.001328835559047,4.08325392164421e-4,non-significant,false,true
01447680,0.148519576791724,0.193147579438594,0.0367346927523613,0.712833166122437,45,1225,14291.6669921875,7.59524952415001e-5,0.368053741797733,0.712833162190734,0,two.sided,Sen's slope,50,-4.08523355183527e-4,5.76109225021348e-4,non-significant,true,true
01447720,0.196852643818608,0.271808285619746,-0.0318367332220078,0.750587642192841,-39,1225,14291.6669921875,-1.32129327425715e-4,-0.317864595188951,0.75058764974237,0,two.sided,Sen's slope,50,-9.23866300454553e-4,6.62903471138652e-4,non-significant,false,true
01447800,0.216409762221564,0.282829872272701,0.0987755134701729,0.315483331680298,121,1225,14291.6669921875,2.9999139746429e-4,1.00378293217563,0.315483252916377,0,two.sided,Sen's slope,50,-3.383249077045e-4,9.62155222229242e-4,non-significant,true,true
01449360,0.150936755468919,0.200068777480288,0.10530611872673,0.284303545951843,129,1225,14291.6669921875,4.19779523930695e-4,1.07070179432068,0.284303535743958,0,two.sided,Sen's slope,50,-2.23231222639905e-4,0.00109458653944073,non-significant,true,true
01449800,0.194535857057667,0.190617346938776,0.180408164858818,0.0657287836074829,221,1225,14291.6669921875,6.95754562898083e-4,1.84026870898866,0.0657287969290145,0,two.sided,Sen's slope,50,-4.05906462620238e-5,0.00128192286639787,non-significant,true,true
01450500,0.212350252442267,0.272712153269528,0.0824489817023277,0.402881622314453,101,1225,14291.6669921875,3.44425342307169e-4,0.836485776813028,0.402881674992069,0,two.sided,Sen's slope,50,-4.438849307965e-4,0.00118247945598157,non-significant,true,true
01451000,0.18379796096002,0.183516868587893,-0.151020407676697,0.123771652579308,-185,1225,14291.6669921875,-2.6920288530585e-4,-1.53913382933597,0.123771627769974,0,two.sided,Sen's slope,50,-7.12075034493437e-4,1.3211738846493e-4,non-significant,false,true
01451500,0.221452271855179,0.333940015078692,0.253877550363541,0.00951135158538818,311,1225,14291.6669921875,0.001547577106173,2.59310590812039,0.00951134759684831,0,two.sided,Sen's slope,50,4.16608205426235e-4,0.00268979844114143,significant,true,true
01451800,0.41707561342013,0.387374706024465,-0.0171428564935923,0.867136240005493,-21,1225,14291.6669921875,-1.25431038936577e-4,-0.167297155362606,0.867136242289505,0,two.sided,Sen's slope,50,-0.00111881708542177,0.00102613439888934,non-significant,false,true
01452000,0.350868626162081,0.381695679142316,-0.121632650494576,0.215716481208801,-149,1225,14291.6669921875,-7.54906633322039e-4,-1.23799894968328,0.215716450276169,0,two.sided,Sen's slope,50,-0.00209796732850211,4.65397543773764e-4,non-significant,false,true
01452500,0.138129867894488,0.222674899235415,0.278367340564728,0.00445437431335449,341,1225,14291.6669921875,0.00130343026633337,2.8440516411643,0.00445438277943411,0,two.sided,Sen's slope,50,4.19268498917653e-4,0.00197423472933897,significant,true,true
01453000,0.20072644986569,0.191981365422529,-0.0448979586362839,0.651483416557312,-55,1225,14291.6669921875,-9.54910268979693e-5,-0.451702319479035,0.651483447052109,0,two.sided,Sen's slope,50,-6.05094643968e-4,3.47880978207875e-4,non-significant,false,true
01457000,0.160964523490692,0.167973701211085,0.0514285713434219,0.604024887084961,63,1225,14291.6669921875,1.39275594741348e-4,0.518621181624078,0.604024935149754,0,two.sided,Sen's slope,50,-3.82008308784081e-4,6.32235453296345e-4,non-significant,true,true
01459500,0.809093731041847,0.547850097286572,0.0383673459291458,0.700397849082947,47,1225,14291.6669921875,3.78293396594386e-4,0.384783457333993,0.700397856394209,0,two.sided,Sen's slope,50,-0.00140580197352928,0.00230973374325394,non-significant,true,true
01463500,0.144564196509109,0.143867891582815,-0.124897956848145,0.20356559753418,-153,1225,14291.6669921875,-1.81147206648743e-4,-1.2714583807558,0.203565624695496,0,two.sided,Sen's slope,50,-5.32968837418735e-4,1.41313434234999e-4,non-significant,false,true
01464000,0.395976813068997,0.33368224213815,0.0138775510713458,0.89353084564209,17,1225,14291.6669921875,6.85763176666193e-5,0.133837724290085,0.893530895868823,0,two.sided,Sen's slope,50,-6.83261399440936e-4,9.04140235389122e-4,non-significant,true,true
01464500,0.414727778276079,0.373306595039266,0.155918374657631,0.111987471580505,191,1225,14291.6669921875,9.55170194531713e-4,1.58932297594475,0.111987494112961,0,two.sided,Sen's slope,50,-3.58337441972582e-4,0.00229746769547379,non-significant,true,true
01465798,1.02810826989925,0.984024430798079,0.0661224499344826,0.503375172615051,81,1225,14291.6669921875,7.5467933651933e-4,0.669188621450423,0.503375163703577,0,two.sided,Sen's slope,50,-0.00122687846009319,0.00293246921542316,non-significant,true,true
01466500,0.103002442177848,0.0501990059225686,-0.234285712242126,0.0167409051209688,-287,1225,14291.6669921875,-7.005066477742e-4,-2.39234932168526,0.0167409004574302,0,two.sided,Sen's slope,50,-0.00131862318218331,-1.37418103633762e-4,significant,false,true
01467000,0.170828874804511,0.110184885227693,-0.0187755096703768,0.853992342948914,-23,1225,14291.6669921875,-3.61709716391764e-5,-0.184026870898866,0.853992374978471,0,two.sided,Sen's slope,50,-5.08207141640963e-4,4.73816809423e-4,non-significant,false,true
01467048,0.675740424639894,0.659331039352318,0.0302040819078684,0.763311624526978,37,1225,14291.6669921875,3.15508572292554e-4,0.30113487965269,0.763311644610786,0,two.sided,Sen's slope,50,-0.00159196979013951,0.00225441857403004,non-significant,true,true
01467150,0.676672630951128,0.644058121991171,0.379591822624207,1.03950500488281e-4,465,1225,14291.6669921875,0.00458739592059777,3.88129400441245,1.03902139772029e-4,0,two.sided,Sen's slope,50,0.00234596349128237,0.00629604673006578,significant,true,true
01469500,0.224193976383176,0.217640202380914,-0.227755099534988,0.0200489573180676,-279,1225,14291.6669921875,-7.09819683649301e-4,-2.32543045954022,0.0200489543378074,0,two.sided,Sen's slope,50,-0.00139875113005048,-1.4532112167525e-4,significant,false,true
01470500,0.234677264053501,0.264269322598342,-0.0693877562880516,0.482275068759918,-85,1225,14291.6669921875,-2.04261345839144e-4,-0.702648052522944,0.482275108504501,0,two.sided,Sen's slope,50,-9.95138187995522e-4,3.77130378330417e-4,non-significant,false,true
01470960,0.285151782008847,0.211319264921799,-0.180408164858818,0.0657287985086441,-221,1225,14291.6669921875,-6.783250473555e-4,-1.84026870898866,0.0657287969290145,0,two.sided,Sen's slope,50,-0.00137982432893023,7.91818560213448e-5,non-significant,false,true
01471000,0.25907777668341,0.206625240615096,-0.10530611872673,0.284303545951843,-129,1225,14291.6669921875,-4.15767016875906e-4,-1.07070179432068,0.284303535743958,0,two.sided,Sen's slope,50,-9.87624976928111e-4,2.87847617821498e-4,non-significant,false,true
01472000,0.262185537045106,0.227048523490267,-0.129795923829079,0.186285570263863,-159,1225,14291.6669921875,-3.38814650644827e-4,-1.32164752736458,0.186285549238115,0,two.sided,Sen's slope,50,-9.9699518872328e-4,1.55617475017622e-4,non-significant,false,true
01472157,0.500499722376457,0.462575895657526,0.0269387755542994,0.788949131965637,33,1225,14291.6669921875,1.9353349915104e-4,0.267675448580169,0.788949149586739,0,two.sided,Sen's slope,50,-0.00131250016496636,0.0016199899432841,non-significant,true,true
01473000,0.724037482175596,0.711771717840058,0.0187755096703768,0.853992342948914,23,1225,14291.6669921875,2.95936088911601e-4,0.184026870898866,0.853992374978471,0,two.sided,Sen's slope,50,-0.00153073591438618,0.00239523545236881,non-significant,true,true
01474000,0.6886525777359,0.618548926328251,-0.0383673459291458,0.700397849082947,-47,1225,14291.6669921875,-4.69476042006752e-4,-0.384783457333993,0.700397856394209,0,two.sided,Sen's slope,50,-0.00218094559301335,0.00165843967280913,non-significant,false,true
01474500,0.379242315037432,0.28706356927289,-0.0693877562880516,0.482275068759918,-85,1225,14291.6669921875,-2.83630696822828e-4,-0.702648052522944,0.482275108504501,0,two.sided,Sen's slope,50,-0.00104013899103073,5.2309285395111e-4,non-significant,false,true
01477120,0.536778766029858,0.460857186051199,0.129795923829079,0.186285614967346,159,1225,14291.6669921875,0.00135645030908283,1.32164752736458,0.186285549238115,0,two.sided,Sen's slope,50,-6.76349188667356e-4,0.00302401573978966,non-significant,true,true
01477800,1.30611196712892,1.2813086733598,-0.0204081628471613,0.840888917446136,-25,1225,14291.6669921875,-3.89109914363531e-4,-0.200756586435127,0.840888910748716,0,two.sided,Sen's slope,50,-0.00260422850442621,0.00233863000466923,non-significant,false,true
01478000,0.791138533981469,0.991570607010277,-0.219591841101646,0.0249754693359137,-269,1225,14291.6669921875,-0.0022099960842494,-2.24178188185892,0.0249754727739968,0,two.sided,Sen's slope,50,-0.00409794167173777,-3.6889667934757e-4,significant,false,true
01479000,0.603859206826336,0.646366170230468,-8.16326530184597e-4,1,-1,1225,14291.6669921875,-2.69111501856566e-5,0,1,0,two.sided,Sen's slope,50,-0.00171154783299303,0.00192628997064553,non-significant,false,true
01480000,0.576215022091311,0.552285232972457,0.113469384610653,0.248356580734253,139,1225,14291.6669921875,0.00104094322703175,1.15435037200198,0.248356552804379,0,two.sided,Sen's slope,50,-7.5251926698412e-4,0.00295803810227279,non-significant,true,true
01480300,0.679944999799269,0.623560360918435,0.0644897967576981,0.514105200767517,79,1225,14291.6669921875,8.82740917690447e-4,0.652458905914162,0.514105174538706,0,two.sided,Sen's slope,50,-0.00166595163925967,0.00319544719795576,non-significant,true,true
01480675,0.553673849716839,0.482068253682193,0.164081633090973,0.0943329334259033,201,1225,14291.6669921875,8.407273116015e-4,1.67297155362606,0.0943328961618052,0,two.sided,Sen's slope,50,-1.8767944510539e-4,0.00170296972769142,non-significant,true,true
01480700,0.548675610595115,0.391426288909812,-0.0693877562880516,0.482275068759918,-85,1225,14291.6669921875,-3.64043294570659e-4,-0.702648052522944,0.482275108504501,0,two.sided,Sen's slope,50,-0.00171794677707808,7.59012133932122e-4,non-significant,false,true
01481000,0.43314231617536,0.333844327959648,0.10530611872673,0.284303545951843,129,1225,14291.6669921875,5.12413526227478e-4,1.07070179432068,0.284303535743958,0,two.sided,Sen's slope,50,-4.56414083838902e-4,0.00157543546672607,non-significant,true,true
01481500,0.444915582799052,0.340527179333197,0.0873469412326813,0.375253915786743,107,1225,14291.6669921875,4.70668690786755e-4,0.88667492342181,0.375253943032718,0,two.sided,Sen's slope,50,-6.34113883820044e-4,0.00154899551634684,non-significant,true,true
01483200,0.606911520101692,0.551864182783948,-0.0644897967576981,0.514105200767517,-79,1225,14291.6669921875,-5.66457369887891e-4,-0.652458905914162,0.514105174538706,0,two.sided,Sen's slope,50,-0.00219526553095537,0.00123185797583454,non-significant,false,true
01483700,0.413332544093431,0.403199880897107,0.266938775777817,0.00639235973358154,327,1225,14291.6669921875,0.00122121109300461,2.72694363241047,0.00639239580406249,0,two.sided,Sen's slope,50,4.52401275780715e-4,0.00208935595993891,significant,true,true
01484100,0.238629641229078,0.411452524351253,0.30775511264801,0.00165975093841553,377,1225,14291.6669921875,0.00214313335227497,3.14518652081699,0.0016598097013283,0,two.sided,Sen's slope,50,8.18739215502846e-4,0.003474871563189,significant,true,true
01485500,0.23060137268527,0.309453454553649,0.191836729645729,0.0503032207489014,235,1225,14291.6669921875,0.00141847672458915,1.95737671774249,0.0503031937297206,0,two.sided,Sen's slope,50,-1.21588094235171e-6,0.002572891967732,non-significant,true,true
01487000,0.155402270407374,0.118463914698283,-0.0187755096703768,0.853992342948914,-23,1225,14291.6669921875,-7.10289810745118e-5,-0.184026870898866,0.853992374978471,0,two.sided,Sen's slope,50,-8.95484725252499e-4,6.747146774982e-4,non-significant,false,true
01491000,0.336556452048538,0.329166659661499,0.118367344141006,0.228381037712097,145,1225,14291.6669921875,9.21801506595039e-4,1.20453951861076,0.228381117309063,0,two.sided,Sen's slope,50,-5.15946571297822e-4,0.002593091538501,non-significant,true,true
01495000,0.616593916246078,0.507177158562178,-0.054693877696991,0.580893099308014,-67,1225,14291.6669921875,-5.61903053003806e-4,-0.552080612696599,0.580893124138696,0,two.sided,Sen's slope,50,-0.00262788301542026,0.00143674593560769,non-significant,false,true
01500000,0.30408992390621,0.246041701789628,-0.366530627012253,1.78636983036995e-4,-449,1225,14291.6669921875,-0.00184206097946546,-3.74745628012237,1.78636960541993e-4,0,two.sided,Sen's slope,50,-0.00270281971186857,-9.59362615622759e-4,significant,false,true
01503000,0.155257690068514,0.171365603561979,0.0253061223775148,0.80185604095459,31,1225,14291.6669921875,3.70952815361283e-5,0.250945733043909,0.801856065566224,0,two.sided,Sen's slope,50,-4.109604919265e-4,4.74389429226001e-4,non-significant,true,true
01510000,0.2297938456084,0.320148683406789,0.103673473000526,0.291895627975464,127,1225,14291.6669921875,4.494888711545e-4,1.05397207878442,0.291895700594215,0,two.sided,Sen's slope,50,-3.8271871683343e-4,0.0013939357520867,non-significant,true,true
01512500,0.158487299216378,0.225969725165331,0.296326518058777,0.00246119499206543,363,1225,14291.6669921875,7.15071179622282e-4,3.02807851206316,0.0024611413612515,0,two.sided,Sen's slope,50,2.61312353874815e-4,0.00121586588884285,significant,true,true
01516500,0.426090758486797,0.4138111570557,0.0824489817023277,0.402881622314453,101,1225,14291.6669921875,7.79509151373166e-4,0.836485776813028,0.402881674992069,0,two.sided,Sen's slope,50,-0.00115522461573637,0.00275536304076694,non-significant,true,true
01518000,0.332560841166918,0.262091480138016,-0.479183673858643,9.49592049437342e-7,-587,1225,14291.6669921875,-0.00249404132842605,-4.90180665212435,9.49592743531186e-7,0,two.sided,Sen's slope,50,-0.00333667902174233,-0.001690635945934,significant,false,true
01520000,0.377987492486789,0.313927775854297,-0.325714290142059,8.70916352141649e-4,-399,1225,14291.6669921875,-0.001913688856694,-3.32921339171585,8.70916491478497e-4,0,two.sided,Sen's slope,50,-0.0028524439920327,-9.0574240629229e-4,significant,false,true
01521500,0.510208025129349,0.452022420156815,0.106938771903515,0.276846170425415,131,1225,14291.6669921875,6.98371515329613e-4,1.08743150985694,0.276846151940742,0,two.sided,Sen's slope,50,-6.16494498858825e-4,0.00176969781496929,non-significant,true,true
01523500,0.474262703914705,0.482009009687441,-0.0530612245202065,0.5924072265625,-65,1225,14291.6669921875,-2.10909922452501e-4,-0.535350897160338,0.592407237522452,0,two.sided,Sen's slope,50,-0.00127120693490701,7.12462308978331e-4,non-significant,false,true
01524500,0.398934908122644,0.380087101204127,-0.110204078257084,0.262334287166595,-135,1225,14291.6669921875,-4.31319432709192e-4,-1.12089094092946,0.262334287449941,0,two.sided,Sen's slope,50,-0.00132201437759045,3.46760232443909e-4,non-significant,false,true
01526500,0.346344924235789,0.286596685588122,-0.377959191799164,1.11287721665576e-4,-463,1225,14291.6669921875,-0.00170142236020128,-3.86456428887619,1.11287676586852e-4,0,two.sided,Sen's slope,50,-0.002690704419664,-0.00102669372338181,significant,false,true
01529500,0.22414011930448,0.24165703705504,-0.0122448978945613,0.906774461269379,-15,1225,14291.6669921875,-5.53675595691366e-5,-0.117108008753824,0.90677446334059,0,two.sided,Sen's slope,50,-8.63348882659654e-4,5.10245913884124e-4,non-significant,false,true
01531000,0.295928412302359,0.293547771453153,-0.177142858505249,0.070792019367218,-217,1225,14291.6669921875,-7.29903220491428e-4,-1.80680927791614,0.0707920216049563,0,two.sided,Sen's slope,50,-0.00162981474198117,3.99296998283745e-5,non-significant,false,true
01531500,0.179890809221351,0.192253420350183,-0.0530612245202065,0.5924072265625,-65,1225,14291.6669921875,-1.76871582318679e-4,-0.535350897160338,0.592407237522452,0,two.sided,Sen's slope,50,-7.36488430476186e-4,4.01641723217075e-4,non-significant,false,true
01532000,0.375763658378259,0.403005240189512,-0.0432653054594994,0.663582324981689,-53,1225,14291.6669921875,-3.65467870854621e-4,-0.434972603942775,0.663582313144632,0,two.sided,Sen's slope,50,-0.00231329731702513,0.00132543521487209,non-significant,false,true
01534000,0.32095595245662,0.294224240769916,-0.111836731433868,0.255278885364532,-137,1225,14291.6669921875,-6.14088017457585e-4,-1.13762065646572,0.255278917379629,0,two.sided,Sen's slope,50,-0.00153438428288,5.0376233879651e-4,non-significant,false,true
01534300,0.16522167736717,0.184729127105175,0.0759183689951897,0.441556930541992,93,1225,14291.6669921875,2.94630484536892e-4,0.769566914667986,0.441556837193142,0,two.sided,Sen's slope,50,-4.3968792411106e-4,0.00107002447349612,non-significant,true,true
01534500,0.151404745826594,0.143437118976516,0.0693877562880516,0.482275009155273,85,1225,14291.6669921875,2.06901847436852e-4,0.702648052522944,0.482275108504501,0,two.sided,Sen's slope,50,-3.82250641129614e-4,7.75382476490599e-4,non-significant,true,true
01536000,0.202618467469178,0.240210927181179,0.12326530367136,0.209577322006226,151,1225,14291.6669921875,4.60908269712861e-4,1.25472866521954,0.209577276048761,0,two.sided,Sen's slope,50,-2.61667954212424e-4,0.0012254450074944,non-significant,true,true
01536500,0.166079446055223,0.177492102008178,-0.0220408160239458,0.827829360961914,-27,1225,14291.6669921875,-5.11196154976477e-5,-0.217486301971387,0.827829380976393,0,two.sided,Sen's slope,50,-5.54127863251928e-4,4.2104050639613e-4,non-significant,false,true
01538000,0.2530071255068,0.303580065508257,-0.0122448978945613,0.906774461269379,-15,1225,14291.6669921875,-6.12396278560585e-5,-0.117108008753824,0.90677446334059,0,two.sided,Sen's slope,50,-9.93524215118561e-4,0.00102796546268947,non-significant,false,true
01539000,0.224119084757004,0.289684753640296,0.0351020395755768,0.725345253944397,43,1225,14291.6669921875,1.40825080312069e-4,0.351324026261472,0.725345271990754,0,two.sided,Sen's slope,50,-7.65130349441002e-4,0.00133125008672142,non-significant,true,true
01540500,0.143847018224132,0.152619847880346,-0.102040819823742,0.299622893333435,-125,1225,14291.6669921875,-2.4407397119495e-4,-1.03724236324816,0.299622919484759,0,two.sided,Sen's slope,50,-7.31501620264784e-4,2.73716880289355e-4,non-significant,false,true
01541000,0.28869432909094,0.321323212408628,-0.0563265308737755,0.569484829902649,-69,1225,14291.6669921875,-2.25433871608349e-4,-0.568810328232859,0.569484864788368,0,two.sided,Sen's slope,50,-0.00117417898698545,6.00894235029029e-4,non-significant,false,true
01541200,0.259210963484822,0.24581756429487,-0.0514285713434219,0.604024887084961,-63,1225,14291.6669921875,-1.10309928437e-4,-0.518621181624078,0.604024935149754,0,two.sided,Sen's slope,50,-5.3023425264859e-4,3.31247169590444e-4,non-significant,false,true
01541500,0.245023097228333,0.248920588024276,-0.0661224499344826,0.503375172615051,-81,1225,14291.6669921875,-2.80122892221223e-4,-0.669188621450423,0.503375163703577,0,two.sided,Sen's slope,50,-0.001055455585723,4.889122087925e-4,non-significant,false,true
01542810,0.405776763830532,0.386102281513482,-0.0808163285255432,0.412355184555054,-99,1225,14291.6669921875,-4.44914381658501e-4,-0.819756061276768,0.412355183890253,0,two.sided,Sen's slope,50,-0.00172900767025277,7.48339217321371e-4,non-significant,false,true
01543000,0.294266014602255,0.295805982257794,0.0416326522827148,0.675769567489624,51,1225,14291.6669921875,1.84904814411802e-4,0.418242888406514,0.675769541350962,0,two.sided,Sen's slope,50,-8.62654277483311e-4,0.00140604755614971,non-significant,true,true
01543500,0.239437891607274,0.247988708948216,-0.0220408160239458,0.827829360961914,-27,1225,14291.6669921875,-1.45407268589531e-4,-0.217486301971387,0.827829380976393,0,two.sided,Sen's slope,50,-0.0011279486211616,8.81280588756884e-4,non-significant,false,true
01544000,0.231247427951465,0.250811317170314,-0.0710204094648361,0.471908211708069,-87,1225,14291.6669921875,-2.84934469805834e-4,-0.719377768059205,0.471908191139076,0,two.sided,Sen's slope,50,-0.00104793052216829,2.86726999554148e-4,non-significant,false,true
01544500,0.219635451306092,0.208202572007879,-0.217959180474281,0.0260777343064547,-267,1225,14291.6669921875,-9.36133242648533e-4,-2.22505216632266,0.0260777363536723,0,two.sided,Sen's slope,50,-0.00184672968927259,-1.25172573877773e-4,significant,false,true
01545000,0.233446392870287,0.2045224856579,-0.195102035999298,0.0464989095926285,-239,1225,14291.6669921875,-6.90670466764635e-4,-1.99083614881501,0.0464989037819365,0,two.sided,Sen's slope,50,-0.00138431074372472,-1.73024940273658e-5,significant,false,true
01545500,0.181516051339181,0.188024034955471,0.00897959154099226,0.933335781097412,11,1225,14291.6669921875,2.33663448256927e-5,0.0836485776813028,0.933335842841861,0,two.sided,Sen's slope,50,-4.8558395701782e-4,4.99994381628899e-4,non-significant,true,true
01545600,0.178443426795516,0.154312052697809,-0.12653061747551,0.197680488228798,-155,1225,14291.6669921875,-5.63000266301047e-4,-1.28818809629206,0.197680494654529,0,two.sided,Sen's slope,50,-0.0014923773958852,3.233479049045e-4,non-significant,false,true
01546500,0.0927449918787223,0.100991140950463,0.00897959154099226,0.933335781097412,11,1225,14291.6669921875,2.75163253523931e-5,0.0836485776813028,0.933335842841861,0,two.sided,Sen's slope,50,-5.22614635347651e-4,5.82593165499721e-4,non-significant,true,true
01547100,0.0741177224108115,0.0683690723648074,-0.129795923829079,0.186285570263863,-159,1225,14291.6669921875,-2.95839765675164e-4,-1.32164752736458,0.186285549238115,0,two.sided,Sen's slope,50,-8.0118954287595e-4,1.72452375281455e-4,non-significant,false,true
01547200,0.20219170379606,0.185171238035247,-0.0514285713434219,0.604024887084961,-63,1225,14291.6669921875,-2.30127670426003e-4,-0.518621181624078,0.604024935149754,0,two.sided,Sen's slope,50,-0.00110447490822941,5.98082792449714e-4,non-significant,false,true
01547500,0.168720578443855,0.158779282697145,0.103673473000526,0.291895627975464,127,1225,14291.6669921875,2.58635837093432e-4,1.05397207878442,0.291895700594215,0,two.sided,Sen's slope,50,-2.67362708512406e-4,7.92303406061925e-4,non-significant,true,true
01547700,0.254293141299907,0.220909611059402,0.0481632649898529,0.627561569213867,59,1225,14291.6669921875,2.54258998556495e-4,0.485161750551557,0.627561611989235,0,two.sided,Sen's slope,50,-9.72540311995669e-4,0.00130048639515906,non-significant,true,true
01547950,0.156053492273234,0.138119566994653,-0.154285714030266,0.115813031792641,-189,1225,14291.6669921875,-4.96532965204199e-4,-1.57259326040849,0.115813029236007,0,two.sided,Sen's slope,50,-0.00124683931147093,1.31475213815833e-4,non-significant,false,true
01548500,0.219856233312795,0.212690751879048,-0.151020407676697,0.123771652579308,-185,1225,14291.6669921875,-7.75453542547784e-4,-1.53913382933597,0.123771627769974,0,two.sided,Sen's slope,50,-0.00160394973753137,2.05583096823875e-4,non-significant,false,true
01549500,0.398932109780485,0.253225744308941,-0.162448972463608,0.0976728647947311,-199,1225,14291.6669921875,-0.00109234237925625,-1.6562418380898,0.0976728536695284,0,two.sided,Sen's slope,50,-0.00229117703873487,2.38488250705415e-4,non-significant,false,true
01549700,0.235672807189951,0.206403223736885,-0.250612258911133,0.0104778707027435,-307,1225,14291.6669921875,-0.00101477787010275,-2.55964647704787,0.0104778689866351,0,two.sided,Sen's slope,50,-0.00191927927233976,-3.78140277217455e-4,significant,false,true
01550000,0.285130106915599,0.290891482680147,-0.0742857158184052,0.451547741889954,-91,1225,14291.6669921875,-4.2912775969039e-4,-0.752837199131726,0.451547750080907,0,two.sided,Sen's slope,50,-0.00144502294403873,8.05816174771482e-4,non-significant,false,true
01551500,0.171118848992233,0.155461025749656,-0.0742857158184052,0.451547741889954,-91,1225,14291.6669921875,-2.8182513296025e-4,-0.752837199131726,0.451547750080907,0,two.sided,Sen's slope,50,-8.43872829821158e-4,3.2056750526156e-4,non-significant,false,true
01552500,0.296552579526983,0.269598101475027,-0.110204078257084,0.262334287166595,-135,1225,14291.6669921875,-8.72886898145726e-4,-1.12089094092946,0.262334287449941,0,two.sided,Sen's slope,50,-0.00259971349538192,7.51779621627875e-4,non-significant,false,true
01553500,0.165961390534798,0.159781491917846,-0.0693877562880516,0.482275068759918,-85,1225,14291.6669921875,-2.08734428735872e-4,-0.702648052522944,0.482275108504501,0,two.sided,Sen's slope,50,-7.75489278399389e-4,3.94544828882727e-4,non-significant,false,true
01554000,0.14080453637791,0.147236591720391,-0.0644897967576981,0.514105200767517,-79,1225,14291.6669921875,-1.75198871726861e-4,-0.652458905914162,0.514105174538706,0,two.sided,Sen's slope,50,-6.59672211257285e-4,3.33768964152395e-4,non-significant,false,true
01555000,0.171793145654835,0.180848704068553,-0.10530611872673,0.284303545951843,-129,1225,14291.6669921875,-4.34350160630923e-4,-1.07070179432068,0.284303535743958,0,two.sided,Sen's slope,50,-0.00129592291278607,4.2075249228325e-4,non-significant,false,true
01555500,0.291802997112718,0.335210699744154,-0.0906122475862503,0.357502520084381,-111,1225,14291.6669921875,-5.57248667303414e-4,-0.920134354494331,0.357502553590208,0,two.sided,Sen's slope,50,-0.00166244787111396,5.06394998843951e-4,non-significant,false,true
01556000,0.297223063818374,0.272145739240904,0.0677551031112671,0.492764592170715,83,1225,14291.6669921875,2.28917986690821e-4,0.685918336986683,0.49276460624325,0,two.sided,Sen's slope,50,-6.46717775308959e-4,0.00108103760769713,non-significant,true,true
01557500,0.227023293561031,0.305027718189437,0.136326536536217,0.16496467590332,167,1225,14291.6669921875,6.40149242366999e-4,1.38856638950963,0.164964643698312,0,two.sided,Sen's slope,50,-3.01340214190742e-4,0.00166212253618881,non-significant,true,true
01558000,0.205307702279756,0.224543222097428,-0.0253061223775148,0.80185604095459,-31,1225,14291.6669921875,-5.94476981332583e-5,-0.250945733043909,0.801856065566224,0,two.sided,Sen's slope,50,-8.75524216722501e-4,7.41217145146103e-4,non-significant,false,true
01559000,0.221435537469916,0.212898458679412,0.0334693863987923,0.737931132316589,41,1225,14291.6669921875,1.58317835250949e-4,0.334594310725211,0.737931137172418,0,two.sided,Sen's slope,50,-7.09317122779218e-4,9.6995882046457e-4,non-significant,true,true
01560000,0.320086429691141,0.328182690099246,0.0873469412326813,0.375253915786743,107,1225,14291.6669921875,4.86502801556481e-4,0.88667492342181,0.375253943032718,0,two.sided,Sen's slope,50,-6.19637003310421e-4,0.00161453085903689,non-significant,true,true
01562000,0.258366885148502,0.243694518087745,-0.0987755134701729,0.315483272075653,-121,1225,14291.6669921875,-4.81556920480815e-4,-1.00378293217563,0.315483252916377,0,two.sided,Sen's slope,50,-0.00144644685716011,5.66425960753946e-4,non-significant,false,true
01563200,0.249079752467759,0.196524482122488,-0.0302040819078684,0.763311624526978,-37,1225,14291.6669921875,-1.50488624714314e-4,-0.30113487965269,0.763311644610786,0,two.sided,Sen's slope,50,-0.0010985848315,8.73808346059069e-4,non-significant,false,true
01563500,0.210195272054961,0.202864818615338,8.16326530184597e-4,1,1,1225,14291.6669921875,5.1924038565446e-7,0,1,0,two.sided,Sen's slope,50,-5.527137532618e-4,6.47410076920675e-4,non-significant,true,true
01564500,0.379262989610887,0.273604178848267,-0.20653061568737,0.0350358113646507,-253,1225,14291.6669921875,-0.00103343087294536,-2.10794415756883,0.0350358200268029,0,two.sided,Sen's slope,50,-0.00198947127425931,-8.71264698609608e-5,significant,false,true
01567000,0.180551513770314,0.184080695654166,0.0220408160239458,0.827829360961914,27,1225,14291.6669921875,5.47301132309587e-5,0.217486301971387,0.827829380976393,0,two.sided,Sen's slope,50,-5.94348504828318e-4,6.54745564942143e-4,non-significant,true,true
01567500,0.267658438959306,0.37944579807348,-0.102040819823742,0.299622893333435,-125,1225,14291.6669921875,-9.84180265458311e-4,-1.03724236324816,0.299622919484759,0,two.sided,Sen's slope,50,-0.0027818369391148,7.99972332267501e-4,non-significant,false,true
01568000,0.319974509101047,0.304069234757534,0.0171428564935923,0.867136240005493,21,1225,14291.6669921875,1.38999509082235e-4,0.167297155362606,0.867136242289505,0,two.sided,Sen's slope,50,-0.00115689754219584,0.00155312718397373,non-significant,true,true
01570000,0.220145507344877,0.233638697473314,-0.118367344141006,0.228381037712097,-145,1225,14291.6669921875,-4.18900698553143e-4,-1.20453951861076,0.228381117309063,0,two.sided,Sen's slope,50,-0.00120359191574941,3.17220205183889e-4,non-significant,false,true
01571500,0.159413650939075,0.165315635764565,0.0481632649898529,0.627561569213867,59,1225,14291.6669921875,1.25341443489496e-4,0.485161750551557,0.627561611989235,0,two.sided,Sen's slope,50,-5.72780800967143e-4,6.68082465746659e-4,non-significant,true,true
01573000,0.344341268692921,0.390724374273163,0.0236734692007303,0.814817190170288,29,1225,14291.6669921875,1.0145845836775e-4,0.234216017507648,0.814817280649534,0,two.sided,Sen's slope,50,-9.17058692183387e-4,0.00105120984377242,non-significant,true,true
01574000,0.421853795979768,0.48075890000845,-0.102040819823742,0.299622893333435,-125,1225,14291.6669921875,-4.94986467054193e-4,-1.03724236324816,0.299622919484759,0,two.sided,Sen's slope,50,-0.00159564755396329,5.55942437356153e-4,non-significant,false,true
01574500,0.29644236743294,0.308589637923015,0.0351020395755768,0.725345253944397,43,1225,14291.6669921875,1.70737503197818e-4,0.351324026261472,0.725345271990754,0,two.sided,Sen's slope,50,-9.77879813860001e-4,0.0012426816186399,non-significant,true,true
01576500,0.325697023097741,0.322855233569519,-0.0889795944094658,0.366311192512512,-109,1225,14291.6669921875,-4.42350770188504e-4,-0.903404638958071,0.366311178847137,0,two.sided,Sen's slope,50,-0.00155623685440927,6.58002904014227e-4,non-significant,false,true
