site_no,estimates,statistic,p.value,null.value,alternative,data.name,method,parameter,conf.int,conf.int2
01011000,0.000147956249084631,1.05397207878442,0.291895700594215,0,two.sided,trend_timeSeries,Sen's slope,50,-0.000166748286491765,0.000464112215211619
01013500,0.000060570776990617,1.00378293217563,0.315483252916377,0,two.sided,trend_timeSeries,Sen's slope,50,-0.0000831118676900155,0.000214614314012967
01017000,0.000267013240586467,1.62278240701728,0.104635927875791,0,two.sided,trend_timeSeries,Sen's slope,50,-0.0000893007239470001,0.000716262043043727
01019000,-0.000288568042576347,-1.70643098469858,0.0879278657899547,0,two.sided,trend_timeSeries,Sen's slope,50,-0.000650663645873567,0.0000686191705268594
01022500,0.0006803685216265,2.50945733043909,0.0120916823161518,0,two.sided,trend_timeSeries,Sen's slope,50,0.000186868364215615,0.00120173017967374
01030500,0.000303835605525156,2.12467387310509,0.0336138349987997,0,two.sided,trend_timeSeries,Sen's slope,50,0.0000266196642914286,0.000565422636246464
01031500,0.000933375932014602,1.92391728666997,0.0543649520575087,0,two.sided,trend_timeSeries,Sen's slope,50,-0.0000323400245689998,0.00197327719498038
01034500,0.00017381677394248,1.35510695843711,0.175383482028116,0,two.sided,trend_timeSeries,Sen's slope,50,-0.0000808376708691501,0.000443665417032189
01038000,-0.000259998026708256,-0.786296630204247,0.431693726220145,0,two.sided,trend_timeSeries,Sen's slope,50,-0.000811869001922999,0.000342079702551654
01042500,-0.00381342216737441,-6.62496735235919,0.0000000000347324934783449,0,two.sided,trend_timeSeries,Sen's slope,50,-0.00460362882828549,-0.00303825635089967
01046500,0.0004661585114105,1.84026870898866,0.0657287969290145,0,two.sided,trend_timeSeries,Sen's slope,50,-0.0000545996641335001,0.00105686042861219
01047000,0.00126808103791441,2.25851159739518,0.0239137823614939,0,two.sided,trend_timeSeries,Sen's slope,50,0.00025319785211526,0.00229859016294086
01052500,0.00168331476054735,4.0318614442388,0.0000553368097169852,0,two.sided,trend_timeSeries,Sen's slope,50,0.000879355373752583,0.00248835965622287
01053500,0.0000941742723930726,0.685918336986683,0.49276460624325,0,two.sided,trend_timeSeries,Sen's slope,50,-0.000262623582898829,0.00042047173214275
01054000,0.000725700298702089,3.5634294092235,0.000366041162108066,0,two.sided,trend_timeSeries,Sen's slope,50,0.000343383167437965,0.00106028636448026
01054200,0.00161043351937822,2.15813330417761,0.0309174690613433,0,two.sided,trend_timeSeries,Sen's slope,50,0.000131693905593321,0.00329089708521282
01054500,0.00048018023103464,1.9071875711337,0.0564963023813092,0,two.sided,trend_timeSeries,Sen's slope,50,-0.0000243009736110005,0.00100135844005104
01055000,0.00135866168057272,2.07448472649631,0.0380343157958867,0,two.sided,trend_timeSeries,Sen's slope,50,0.0000865577288973962,0.00266861072105562
01057000,0.000705620258519071,1.32164752736458,0.186285549238115,0,two.sided,trend_timeSeries,Sen's slope,50,-0.000321707304099072,0.00164611837110448
01059000,-0.000367050978855311,-2.39234932168526,0.0167409004574302,0,two.sided,trend_timeSeries,Sen's slope,50,-0.000636625025040644,-0.0000965709380998001
01064500,0.000620547460438175,1.17108008753824,0.241566586968973,0,two.sided,trend_timeSeries,Sen's slope,50,-0.000421607280331743,0.0017289658067595
01066000,0.00005830293038388,0.368053741797733,0.712833162190734,0,two.sided,trend_timeSeries,Sen's slope,50,-0.000142769307210453,0.000250191089223262
01073000,0.000829839820478514,1.50567439826345,0.132150779291224,0,two.sided,trend_timeSeries,Sen's slope,50,-0.000231411178084611,0.00196872715552834
01073500,0.000204193422204455,0.786296630204247,0.431693726220145,0,two.sided,trend_timeSeries,Sen's slope,50,-0.000273584776969575,0.000762149849473871
01076500,0.00107528287810107,2.22505216632266,0.0260777363536723,0,two.sided,trend_timeSeries,Sen's slope,50,0.000112996628112128,0.0018971396895621
01078000,0.000160759270365666,0.568810328232859,0.569484864788368,0,two.sided,trend_timeSeries,Sen's slope,50,-0.000479617667026354,0.000876418655629337
01081000,-0.0000235510578308153,-0.250945733043909,0.801856065566224,0,two.sided,trend_timeSeries,Sen's slope,50,-0.000198843424387569,0.000161428198452365
01092000,0.0000662392091990358,0.535350897160338,0.592407237522452,0,two.sided,trend_timeSeries,Sen's slope,50,-0.000197731873195545,0.000317747116869085
01094500,0.000708739120437399,1.48894468272719,0.136501935965376,0,two.sided,trend_timeSeries,Sen's slope,50,-0.000183712202086547,0.00176979919210983
01096000,-0.0000973818771187348,-0.133837724290085,0.893530895868823,0,two.sided,trend_timeSeries,Sen's slope,50,-0.000899789992911557,0.000831457401870474
01096500,-0.00142221065344603,-4.45010433264531,0.00000858285831412593,0,two.sided,trend_timeSeries,Sen's slope,50,-0.0020429820524592,-0.000834397129666668
01097000,0.000552439174107889,3.54669969368724,0.000390088977962585,0,two.sided,trend_timeSeries,Sen's slope,50,0.000275449800531602,0.000879956487275676
01097300,0.00126726477897933,3.42959168493342,0.000604490165815662,0,two.sided,trend_timeSeries,Sen's slope,50,0.000586412723356001,0.00197217372402378
01099500,0.000244538834887829,2.4592681838303,0.0139220575638396,0,two.sided,trend_timeSeries,Sen's slope,50,0.0000658700528482749,0.00042591271209111
01100000,-0.0000389843565749472,-0.217486301971387,0.827829380976393,0,two.sided,trend_timeSeries,Sen's slope,50,-0.000267112765571623,0.000208839912830148
01100600,0.0000901879264845011,0.30113487965269,0.763311644610786,0,two.sided,trend_timeSeries,Sen's slope,50,-0.000629870859360518,0.000826903036705962
01101000,0.000710209997811296,4.04859115977506,0.0000515268643785345,0,two.sided,trend_timeSeries,Sen's slope,50,0.000414280306911526,0.00104710403738619
01102000,0.000109621296879243,0.552080612696599,0.580893124138696,0,two.sided,trend_timeSeries,Sen's slope,50,-0.000206831124897183,0.000483772777217161
01102500,-0.0000556333279599502,-0.117108008753824,0.90677446334059,0,two.sided,trend_timeSeries,Sen's slope,50,-0.00105276159812986,0.000758189094551971
01103500,0.0000183853187543335,0.234216017507648,0.814817280649534,0,two.sided,trend_timeSeries,Sen's slope,50,-0.000153254279678579,0.000224614624335315
01104200,-0.000284522285919359,-2.25851159739518,0.0239137823614939,0,two.sided,trend_timeSeries,Sen's slope,50,-0.00049511615797201,-0.0000200888880259089
01104500,-0.00026096667066694,-2.27524131293144,0.0228914578254205,0,two.sided,trend_timeSeries,Sen's slope,50,-0.00048176293969474,-0.0000339830246533336
01105000,0.000223739298471639,1.23799894968328,0.215716450276169,0,two.sided,trend_timeSeries,Sen's slope,50,-0.000140863447556497,0.00062571766888919
01105500,0.000668374420469143,2.89424078777308,0.00380076577941567,0,two.sided,trend_timeSeries,Sen's slope,50,0.000230677897178126,0.00105133577746807
01105600,0.00184650818782208,2.57637619258413,0.00998419538549779,0,two.sided,trend_timeSeries,Sen's slope,50,0.000490463306662044,0.00309887529150674
01105730,-0.00000627277650752523,-0.0334594310725211,0.973308217017883,0,two.sided,trend_timeSeries,Sen's slope,50,-0.000463525281646147,0.00041586856261604
01109000,0.000225662182036,1.1041612253932,0.269523206273611,0,two.sided,trend_timeSeries,Sen's slope,50,-0.000180836885463824,0.000591248954976519
01109060,0.00023590153234976,1.23799894968328,0.215716450276169,0,two.sided,trend_timeSeries,Sen's slope,50,-0.000157182959845401,0.000571667995088657
01110000,0.000842905865867471,3.14518652081699,0.0016598097013283,0,two.sided,trend_timeSeries,Sen's slope,50,0.000326774367925824,0.0013188195466613
01111500,0.00013745465147141,0.317864595188951,0.75058764974237,0,two.sided,trend_timeSeries,Sen's slope,50,-0.000598855059807233,0.000820944891450375
01112500,0.000055559107568117,0.200756586435127,0.840888910748716,0,two.sided,trend_timeSeries,Sen's slope,50,-0.000378222718383728,0.000570672510357457
01114500,0.00028186523222475,1.15435037200198,0.248356552804379,0,two.sided,trend_timeSeries,Sen's slope,50,-0.000186583234106502,0.000849556572448116
01116000,-0.0018328272934338,-3.4797808315422,0.00050182412250329,0,two.sided,trend_timeSeries,Sen's slope,50,-0.00263182208550203,-0.000864978529501991
01117000,0.000285398892896594,1.17108008753824,0.241566586968973,0,two.sided,trend_timeSeries,Sen's slope,50,-0.00019735713401095,0.00084990932594953
01117500,0.000527934662099489,4.53375291032661,0.00000579448097833488,0,two.sided,trend_timeSeries,Sen's slope,50,0.000305643926154334,0.00071449464619418
01118000,0.000266560864193433,1.13762065646572,0.255278917379629,0,two.sided,trend_timeSeries,Sen's slope,50,-0.000113641900167113,0.000738473930504709
01118300,0.000171698501146668,0.368053741797733,0.712833162190734,0,two.sided,trend_timeSeries,Sen's slope,50,-0.000738368433375411,0.00120990622972665
01118500,0.000519543587358922,3.36267282278837,0.000771917913016484,0,two.sided,trend_timeSeries,Sen's slope,50,0.000225630537614128,0.000787508494750907
01119500,-0.000442638565860499,-1.40529610504589,0.159933246094459,0,two.sided,trend_timeSeries,Sen's slope,50,-0.00116598924794286,0.000202565680166273
01121000,-0.00065002347546525,-1.47221496719093,0.140962836913241,0,two.sided,trend_timeSeries,Sen's slope,50,-0.00156542633398033,0.000239113097019363
01122500,-0.000163696646489997,-0.786296630204247,0.431693726220145,0,two.sided,trend_timeSeries,Sen's slope,50,-0.000594279203040062,0.000290180762106
01123000,0.000243574078790213,0.501891466087817,0.615743868576716,0,two.sided,trend_timeSeries,Sen's slope,50,-0.000934486460879062,0.00131265486333558
01129200,0.000462000184571036,2.54291676151161,0.0109931414063229,0,two.sided,trend_timeSeries,Sen's slope,50,0.0000969027471693054,0.000753766172859773
01134500,0.00128013771168933,3.16191623635325,0.00156734642073783,0,two.sided,trend_timeSeries,Sen's slope,50,0.000480032493641665,0.00223066273606173
01135500,0.000420865241903735,1.38856638950963,0.164964643698312,0,two.sided,trend_timeSeries,Sen's slope,50,-0.000166005929268125,0.00112718132084656
01137500,0.000811085211501636,1.35510695843711,0.175383482028116,0,two.sided,trend_timeSeries,Sen's slope,50,-0.000199114821264473,0.00177538993926854
01139000,0.00094009565108029,2.87751107223682,0.00400825843713099,0,two.sided,trend_timeSeries,Sen's slope,50,0.000304390110615801,0.00154396874985537
01139800,0.000397988560979394,1.17108008753824,0.241566586968973,0,two.sided,trend_timeSeries,Sen's slope,50,-0.000327516214586765,0.00114643000894249
01144000,0.000578241253618235,1.30491781182832,0.191920835377182,0,two.sided,trend_timeSeries,Sen's slope,50,-0.000350283379387301,0.0013769313921073
01151500,0.000892266057619188,1.70643098469858,0.0879278657899547,0,two.sided,trend_timeSeries,Sen's slope,50,-0.000149283229015969,0.00188727957545503
01152500,0.000152523822026585,0.618999474841641,0.5359167048477,0,two.sided,trend_timeSeries,Sen's slope,50,-0.000408743708458149,0.000719925788758897
01154500,-0.000151953293424692,-0.819756061276768,0.412355183890253,0,two.sided,trend_timeSeries,Sen's slope,50,-0.000507425099780411,0.00023418189675855
01161000,0.000206052235695346,0.987053216639374,0.323616550765968,0,two.sided,trend_timeSeries,Sen's slope,50,-0.000167364977115003,0.000600930767918534
01162000,-0.0000645932541393636,-0.317864595188951,0.75058764974237,0,two.sided,trend_timeSeries,Sen's slope,50,-0.000466232609712428,0.000453155130560775
01162500,-0.0000394391135392611,-0.0669188621450423,0.94664629687619,0,two.sided,trend_timeSeries,Sen's slope,50,-0.000728870496124959,0.000596366857825409
01163200,0.000200959977641364,0.953593785566852,0.340289302637846,0,two.sided,trend_timeSeries,Sen's slope,50,-0.000247254478620375,0.000705443042176165
01166500,-0.0000800524711940337,-0.451702319479035,0.651483447052109,0,two.sided,trend_timeSeries,Sen's slope,50,-0.0004904490432348,0.00033159460619825
01169000,-0.000974902495320456,-1.45548525165467,0.145534970276369,0,two.sided,trend_timeSeries,Sen's slope,50,-0.00206623314442186,0.000307107083319256
01169900,-0.000436892113766424,-0.669188621450423,0.503375163703577,0,two.sided,trend_timeSeries,Sen's slope,50,-0.00178286209139064,0.00119561122898257
01170100,-0.000400133046289479,-0.652458905914162,0.514105174538706,0,two.sided,trend_timeSeries,Sen's slope,50,-0.00160171468732711,0.000610831152400285
01170500,0.000129330121780689,0.836485776813028,0.402881674992069,0,two.sided,trend_timeSeries,Sen's slope,50,-0.000238147675061274,0.000474817241486461
01171500,0.000721605269187113,1.20453951861076,0.228381117309063,0,two.sided,trend_timeSeries,Sen's slope,50,-0.000442994000680943,0.00204590998838631
01173500,-0.000728951218388081,-2.59310590812039,0.00951134759684831,0,two.sided,trend_timeSeries,Sen's slope,50,-0.00124280806013618,-0.0001792986508108
01174500,-0.000682352165371708,-1.6562418380898,0.0976728536695284,0,two.sided,trend_timeSeries,Sen's slope,50,-0.00162934526587336,0.000196673942036766
01177000,-0.000529121657353,-2.44253846829404,0.0145843752103146,0,two.sided,trend_timeSeries,Sen's slope,50,-0.000905512318148734,-0.000100942666918364
01181000,-0.00128431210932454,-1.57259326040849,0.115813029236007,0,two.sided,trend_timeSeries,Sen's slope,50,-0.00274376671363703,0.000420205656784882
01183500,0.000180382964624689,0.535350897160338,0.592407237522452,0,two.sided,trend_timeSeries,Sen's slope,50,-0.000456655069210533,0.000734934799256706
01184000,0.000263254126176263,1.57259326040849,0.115813029236007,0,two.sided,trend_timeSeries,Sen's slope,50,-0.0000898601653523308,0.0005514472748422
01185500,-0.00048391527727909,-1.37183667397337,0.170114287657054,0,two.sided,trend_timeSeries,Sen's slope,50,-0.0012370085209345,0.000178231329992649
01187300,-0.000127639636006375,-0.150567439826345,0.880316947769583,0,two.sided,trend_timeSeries,Sen's slope,50,-0.00177532302686126,0.00117515948091053
01196500,0.000161087328424092,0.451702319479035,0.651483447052109,0,two.sided,trend_timeSeries,Sen's slope,50,-0.000607093864550201,0.000963570760314378
01197000,-0.000424486752632153,-0.786296630204247,0.431693726220145,0,two.sided,trend_timeSeries,Sen's slope,50,-0.0013556754277318,0.0006172995448364
01197500,0.000112446390092125,0.468432035015296,0.639475663584923,0,two.sided,trend_timeSeries,Sen's slope,50,-0.00029989142031111,0.000613578651230275
01200500,-0.000322926050920776,-1.42202582058215,0.155018755312122,0,two.sided,trend_timeSeries,Sen's slope,50,-0.000673507764881192,0.0000938371355472086
01205500,-0.002402890710514,-4.31626660835523,0.0000158690298603104,0,two.sided,trend_timeSeries,Sen's slope,50,-0.003872520989173,-0.00149868904914189
01208500,0.000578090481968547,2.09121444203257,0.0365088452869771,0,two.sided,trend_timeSeries,Sen's slope,50,0.0000310935511100381,0.00117677059633908
01208990,-0.000402216346397363,-0.752837199131726,0.451547750080907,0,two.sided,trend_timeSeries,Sen's slope,50,-0.0012971002465906,0.000544474053934257
01209700,-0.000388339600428356,-0.903404638958071,0.366311178847137,0,two.sided,trend_timeSeries,Sen's slope,50,-0.00143200963044027,0.000605519124131667
01305000,-0.000228962309579255,-2.19159273525013,0.02840892697893,0,two.sided,trend_timeSeries,Sen's slope,50,-0.000406315445655664,-0.0000344912026323715
01305500,-0.00112770991589745,-5.28659010945834,0.000000124617443604005,0,two.sided,trend_timeSeries,Sen's slope,50,-0.00142479571670258,-0.000814619340097704
01311500,-0.0278839703576967,-7.22723711166457,0.000000000000492919062960762,0,two.sided,trend_timeSeries,Sen's slope,50,-0.0319185823645957,-0.023483094903649
01315000,-0.000238007729336173,-1.15435037200198,0.248356552804379,0,two.sided,trend_timeSeries,Sen's slope,50,-0.00076845606178398,0.000177495886944461
01315500,0.000527422806677001,2.24178188185892,0.0249754727739968,0,two.sided,trend_timeSeries,Sen's slope,50,0.0000555556581262857,0.000916613945425577
01318500,0.000191532010978374,1.12089094092946,0.262334287449941,0,two.sided,trend_timeSeries,Sen's slope,50,-0.000148428939470857,0.000523516391551222
01321000,0.000394002713724045,1.40529610504589,0.159933246094459,0,two.sided,trend_timeSeries,Sen's slope,50,-0.000224207813258418,0.00103842294890205
01325000,-0.002712947853921,-4.24934774621018,0.0000214393872282921,0,two.sided,trend_timeSeries,Sen's slope,50,-0.00404828285365655,-0.00136484067138412
01331500,-0.000205569152000115,-0.58554004376912,0.558184649422657,0,two.sided,trend_timeSeries,Sen's slope,50,-0.00107175367555523,0.000529352787403353
01332500,0.000274405530486777,0.702648052522944,0.482275108504501,0,two.sided,trend_timeSeries,Sen's slope,50,-0.000516595372435084,0.00110687464385461
01333000,-0.00102961974395057,-2.07448472649631,0.0380343157958867,0,two.sided,trend_timeSeries,Sen's slope,50,-0.0019929011572089,-0.0000628515857390213
01334000,-0.0000767610516939326,-0.234216017507648,0.814817280649534,0,two.sided,trend_timeSeries,Sen's slope,50,-0.000926478967925248,0.000685471272382659
01334500,-0.000363424654616999,-1.07070179432068,0.284303535743958,0,two.sided,trend_timeSeries,Sen's slope,50,-0.00118080861497918,0.000393757017724754
01336000,0.00044601750366205,1.22126923414702,0.221984098056913,0,two.sided,trend_timeSeries,Sen's slope,50,-0.000313552073702866,0.0014632074946979
01346000,0.0000172936865654084,0.0501891466087817,0.959971660406615,0,two.sided,trend_timeSeries,Sen's slope,50,-0.000392881457894714,0.000477318094165208
01347000,0.000077760108287625,0.485161750551557,0.627561611989235,0,two.sided,trend_timeSeries,Sen's slope,50,-0.000292815032071334,0.000412632032874679
01350000,-0.000789425994989087,-0.903404638958071,0.366311178847137,0,two.sided,trend_timeSeries,Sen's slope,50,-0.00207448206924919,0.000875720782411502
01351500,-0.00164462628153517,-2.62656533919291,0.00862514315193095,0,two.sided,trend_timeSeries,Sen's slope,50,-0.00270491818016994,-0.000503408495816774
01357500,0.00012783049255885,0.334594310725211,0.737931137172418,0,two.sided,trend_timeSeries,Sen's slope,50,-0.000412157640732372,0.000793941120458134
01362200,-0.000851776166191004,-1.32164752736458,0.186285549238115,0,two.sided,trend_timeSeries,Sen's slope,50,-0.00222897087668239,0.000523136283000794
01362500,0.000134921128084824,0.150567439826345,0.880316947769583,0,two.sided,trend_timeSeries,Sen's slope,50,-0.00134138891787074,0.00167197749344428
01365000,-0.0000902624924889283,-0.117108008753824,0.90677446334059,0,two.sided,trend_timeSeries,Sen's slope,50,-0.00127101021830419,0.00101258114245771
01371500,0.0000230623060798339,0.100378293217563,0.920044002220843,0,two.sided,trend_timeSeries,Sen's slope,50,-0.000519828334966501,0.00050963306309597
01372500,-0.000416908848836811,-1.28818809629206,0.197680494654529,0,two.sided,trend_timeSeries,Sen's slope,50,-0.00117446492917686,0.00023752651735965
01375000,-0.000671508392267257,-1.68970126916232,0.0910851203409287,0,two.sided,trend_timeSeries,Sen's slope,50,-0.00141508029592708,0.000162368963586861
01376800,0.00198206563240821,1.97410643327875,0.0483696419955999,0,two.sided,trend_timeSeries,Sen's slope,50,0.0000115673753716829,0.00405406433913196
01377000,-0.000484423315619464,-0.58554004376912,0.558184649422657,0,two.sided,trend_timeSeries,Sen's slope,50,-0.0017335109661161,0.00112304523500479
01377500,0.00150503664352321,1.60605269148101,0.108262333167264,0,two.sided,trend_timeSeries,Sen's slope,50,-0.000328884457595667,0.00323015808927217
01378500,-0.00380666195577716,-2.74367334794673,0.00607559608970438,0,two.sided,trend_timeSeries,Sen's slope,50,-0.00725880854750759,-0.00108795746194848
01379000,-0.00116393818518929,-4.26607746174645,0.0000198939731861538,0,two.sided,trend_timeSeries,Sen's slope,50,-0.00159930087210421,-0.0007031079353472
01379500,-0.00137243963440214,-5.01891466087817,0.00000051964226051067,0,two.sided,trend_timeSeries,Sen's slope,50,-0.00183789956609433,-0.000967682183506414
01381000,-0.000547906908208879,-1.7398904157711,0.0818782619216012,0,two.sided,trend_timeSeries,Sen's slope,50,-0.00132878003736019,0.0000832658340821696
01381500,0.00113410239695902,2.69348420133795,0.00707094964859698,0,two.sided,trend_timeSeries,Sen's slope,50,0.000325883608545275,0.0019161363876445
01383500,-0.00113772535340019,-2.74367334794673,0.00607559608970438,0,two.sided,trend_timeSeries,Sen's slope,50,-0.00194952025755628,-0.000371494479269684
01387500,-0.0000623369284044963,-0.117108008753824,0.90677446334059,0,two.sided,trend_timeSeries,Sen's slope,50,-0.000970055011195687,0.00084988430068625
01388000,-0.000631507686541857,-1.32164752736458,0.186285549238115,0,two.sided,trend_timeSeries,Sen's slope,50,-0.00172671899950289,0.000382887137571876
01388500,-0.000597831522239519,-1.22126923414702,0.221984098056913,0,two.sided,trend_timeSeries,Sen's slope,50,-0.00171919076916787,0.000349629888266353
01389500,-0.000358167478966398,-1.57259326040849,0.115813029236007,0,two.sided,trend_timeSeries,Sen's slope,50,-0.000743096729489794,0.0000853284959903
01391500,-0.000938478725780356,-1.35510695843711,0.175383482028116,0,two.sided,trend_timeSeries,Sen's slope,50,-0.00208808493763875,0.000335272748973793
01393450,-0.000889919986448998,-0.86994520788555,0.384330348201332,0,two.sided,trend_timeSeries,Sen's slope,50,-0.00304261256592213,0.00125134200569747
01394500,-0.00352963436201609,-3.98167229763002,0.0000684320872803324,0,two.sided,trend_timeSeries,Sen's slope,50,-0.00505804922034866,-0.0019839751074016
01395000,-0.0048623539934244,-5.01891466087817,0.00000051964226051067,0,two.sided,trend_timeSeries,Sen's slope,50,-0.00652781005534005,-0.003287790473641
01396500,0.000873011944214023,1.85699842452492,0.0633113782288064,0,two.sided,trend_timeSeries,Sen's slope,50,-0.0000212511663307824,0.00184148988005347
01397000,-0.000262588401044685,-0.351324026261472,0.725345271990754,0,two.sided,trend_timeSeries,Sen's slope,50,-0.00133065476935857,0.0008559294051353
01398000,0.0000497695954107227,0.0836485776813028,0.933335842841861,0,two.sided,trend_timeSeries,Sen's slope,50,-0.00196601424128343,0.00211211645641807
01399500,-0.0000435304322402001,-0.217486301971387,0.827829380976393,0,two.sided,trend_timeSeries,Sen's slope,50,-0.000535618032455081,0.000400798437726689
01400000,0.000471526766862772,0.568810328232859,0.569484864788368,0,two.sided,trend_timeSeries,Sen's slope,50,-0.000822951927078134,0.00201187877429165
01400500,-0.000113641947896698,-0.200756586435127,0.840888910748716,0,two.sided,trend_timeSeries,Sen's slope,50,-0.00119912121080354,0.000983205853870976
01401000,0.000848597939669134,0.920134354494331,0.357502553590208,0,two.sided,trend_timeSeries,Sen's slope,50,-0.00113463347227993,0.00281200993037863
01402000,-0.000475064399239292,-0.853215492349289,0.393539813611605,0,two.sided,trend_timeSeries,Sen's slope,50,-0.00156337069398886,0.000764518937739226
01403060,-0.000472031851317001,-1.02051264771189,0.307485394006296,0,two.sided,trend_timeSeries,Sen's slope,50,-0.00145115746918334,0.000469204903005029
01405400,0.00161392141466377,2.57637619258413,0.00998419538549779,0,two.sided,trend_timeSeries,Sen's slope,50,0.000431250946089865,0.00279572802119618
01407500,0.00128444336080193,1.47221496719093,0.140962836913241,0,two.sided,trend_timeSeries,Sen's slope,50,-0.00041789322428309,0.00298093810640029
01407705,0.0000489852359695433,0.0669188621450423,0.94664629687619,0,two.sided,trend_timeSeries,Sen's slope,50,-0.00183948875605939,0.0018760412956851
01407760,0.00113960242185505,0.836485776813028,0.402881674992069,0,two.sided,trend_timeSeries,Sen's slope,50,-0.001506674047603,0.00322351641413733
01408000,0.00189934993133434,3.02807851206316,0.0024611413612515,0,two.sided,trend_timeSeries,Sen's slope,50,0.000624668387285229,0.00310624244439927
01408500,0.000386450854986943,1.97410643327875,0.0483696419955999,0,two.sided,trend_timeSeries,Sen's slope,50,0.00000541579365032412,0.000711099685663572
01409400,-0.000469467253860941,-2.34216017507648,0.0191724847552231,0,two.sided,trend_timeSeries,Sen's slope,50,-0.000830023725166637,-0.0000739719565043478
01410000,0.0000704701112287037,0.351324026261472,0.725345271990754,0,two.sided,trend_timeSeries,Sen's slope,50,-0.000367188778326,0.000541956350565923
01411000,0.00059074096694275,2.91097050330934,0.00360308030418549,0,two.sided,trend_timeSeries,Sen's slope,50,0.000224984482046941,0.00103561363453095
01411500,0.000312161068464737,1.47221496719093,0.140962836913241,0,two.sided,trend_timeSeries,Sen's slope,50,-0.000110496418549155,0.00077654141417485
01413500,-0.00089522372494146,-1.75662013130736,0.078982579263783,0,two.sided,trend_timeSeries,Sen's slope,50,-0.00199501096444292,0.000117435296003748
01414500,0.000346228781751109,0.518621181624078,0.604024935149754,0,two.sided,trend_timeSeries,Sen's slope,50,-0.000891795560780482,0.00141879807325146
01415000,-0.000647555858066473,-1.20453951861076,0.228381117309063,0,two.sided,trend_timeSeries,Sen's slope,50,-0.00173509110342238,0.000481463984122415
01417000,-0.00234884282914718,-2.10794415756883,0.0350358200268029,0,two.sided,trend_timeSeries,Sen's slope,50,-0.00419241220714409,-0.000145788994159013
01420500,-0.0000172308134224984,-0.0836485776813028,0.933335842841861,0,two.sided,trend_timeSeries,Sen's slope,50,-0.00114435779186173,0.00115493111903325
01421000,-0.00072551903612661,-1.48894468272719,0.136501935965376,0,two.sided,trend_timeSeries,Sen's slope,50,-0.00164251049141069,0.000189897091025701
01423000,-0.00118053441155847,-2.2083224507864,0.0272218033869392,0,two.sided,trend_timeSeries,Sen's slope,50,-0.00209436970931759,-0.0001450485510445
01425000,-0.00250309174442907,-5.28659010945834,0.000000124617443604005,0,two.sided,trend_timeSeries,Sen's slope,50,-0.00323116332461532,-0.0017421561498155
01426500,-0.00132224138407129,-3.84783457333993,0.000119166473030526,0,two.sided,trend_timeSeries,Sen's slope,50,-0.002001693871929,-0.000666763263186479
01428500,-0.00063387933794063,-1.8235389934524,0.0682217968480001,0,two.sided,trend_timeSeries,Sen's slope,50,-0.00135139688962478,0.0000850033757115264
01429000,-0.000191160596168479,-0.351324026261472,0.725345271990754,0,two.sided,trend_timeSeries,Sen's slope,50,-0.00108370552534696,0.000724157261392594
01429500,0.000262042006479478,0.535350897160338,0.592407237522452,0,two.sided,trend_timeSeries,Sen's slope,50,-0.000579581193339222,0.00110142914893139
01431500,0.000300850853554537,0.518621181624078,0.604024935149754,0,two.sided,trend_timeSeries,Sen's slope,50,-0.000609722649982757,0.00121557943828505
01434000,-0.000466706115026168,-1.60605269148101,0.108262333167264,0,two.sided,trend_timeSeries,Sen's slope,50,-0.0010900303014274,0.000110963519730455
01435000,-0.00068060521698005,-0.88667492342181,0.375253943032718,0,two.sided,trend_timeSeries,Sen's slope,50,-0.00220044974686013,0.000843354464827068
01436000,0.000553268437769563,0.334594310725211,0.737931137172418,0,two.sided,trend_timeSeries,Sen's slope,50,-0.00222400501002077,0.0033377421599058
01437500,-0.000238614377473286,-0.58554004376912,0.558184649422657,0,two.sided,trend_timeSeries,Sen's slope,50,-0.000950830830358599,0.000533720766176667
01438500,-0.000540970507893812,-1.75662013130736,0.078982579263783,0,two.sided,trend_timeSeries,Sen's slope,50,-0.001018262257583,0.0000968262186437705
01439500,-0.000140036694444502,-0.618999474841641,0.5359167048477,0,two.sided,trend_timeSeries,Sen's slope,50,-0.000645912747125182,0.000342087224066947
01440000,-0.0000277182217141246,-0.0167297155362606,0.986652240905891,0,two.sided,trend_timeSeries,Sen's slope,50,-0.0008219821374628,0.000770601323158956
01440400,-0.0003296193034424,-0.618999474841641,0.5359167048477,0,two.sided,trend_timeSeries,Sen's slope,50,-0.0012118177239565,0.000641859641671461
01442500,0.00039053799354257,0.819756061276768,0.412355183890253,0,two.sided,trend_timeSeries,Sen's slope,50,-0.000382568499518443,0.00124788347297386
01443900,-0.000671622182097529,-1.22126923414702,0.221984098056913,0,two.sided,trend_timeSeries,Sen's slope,50,-0.00163750310893068,0.000348703965613858
01445500,0.000101967547222974,0.434972603942775,0.663582313144632,0,two.sided,trend_timeSeries,Sen's slope,50,-0.000321506781799369,0.000458008252700333
01446500,-0.000449060464174295,-1.84026870898866,0.0657287969290145,0,two.sided,trend_timeSeries,Sen's slope,50,-0.000861359761594265,0.0000154656958478577
01447500,-0.000429987848346249,-0.86994520788555,0.384330348201332,0,two.sided,trend_timeSeries,Sen's slope,50,-0.001328835559047,0.000408325392164421
01447680,0.0000759524952415001,0.368053741797733,0.712833162190734,0,two.sided,trend_timeSeries,Sen's slope,50,-0.000408523355183527,0.000576109225021348
01447720,-0.000132129327425715,-0.317864595188951,0.75058764974237,0,two.sided,trend_timeSeries,Sen's slope,50,-0.000923866300454553,0.000662903471138652
01447800,0.00029999139746429,1.00378293217563,0.315483252916377,0,two.sided,trend_timeSeries,Sen's slope,50,-0.0003383249077045,0.000962155222229242
01449360,0.000419779523930695,1.07070179432068,0.284303535743958,0,two.sided,trend_timeSeries,Sen's slope,50,-0.000223231222639905,0.00109458653944073
01449800,0.000695754562898083,1.84026870898866,0.0657287969290145,0,two.sided,trend_timeSeries,Sen's slope,50,-0.0000405906462620238,0.00128192286639787
01450500,0.000344425342307169,0.836485776813028,0.402881674992069,0,two.sided,trend_timeSeries,Sen's slope,50,-0.0004438849307965,0.00118247945598157
01451000,-0.00026920288530585,-1.53913382933597,0.123771627769974,0,two.sided,trend_timeSeries,Sen's slope,50,-0.000712075034493437,0.00013211738846493
01451500,0.001547577106173,2.59310590812039,0.00951134759684831,0,two.sided,trend_timeSeries,Sen's slope,50,0.000416608205426235,0.00268979844114143
01451800,-0.000125431038936577,-0.167297155362606,0.867136242289505,0,two.sided,trend_timeSeries,Sen's slope,50,-0.00111881708542177,0.00102613439888934
01452000,-0.000754906633322039,-1.23799894968328,0.215716450276169,0,two.sided,trend_timeSeries,Sen's slope,50,-0.00209796732850211,0.000465397543773764
01452500,0.00130343026633337,2.8440516411643,0.00445438277943411,0,two.sided,trend_timeSeries,Sen's slope,50,0.000419268498917653,0.00197423472933897
01453000,-0.0000954910268979693,-0.451702319479035,0.651483447052109,0,two.sided,trend_timeSeries,Sen's slope,50,-0.000605094643968,0.000347880978207875
01457000,0.000139275594741348,0.518621181624078,0.604024935149754,0,two.sided,trend_timeSeries,Sen's slope,50,-0.000382008308784081,0.000632235453296345
01459500,0.000378293396594386,0.384783457333993,0.700397856394209,0,two.sided,trend_timeSeries,Sen's slope,50,-0.00140580197352928,0.00230973374325394
01463500,-0.000181147206648743,-1.2714583807558,0.203565624695496,0,two.sided,trend_timeSeries,Sen's slope,50,-0.000532968837418735,0.000141313434234999
01464000,0.0000685763176666193,0.133837724290085,0.893530895868823,0,two.sided,trend_timeSeries,Sen's slope,50,-0.000683261399440936,0.000904140235389122
01464500,0.000955170194531713,1.58932297594475,0.111987494112961,0,two.sided,trend_timeSeries,Sen's slope,50,-0.000358337441972582,0.00229746769547379
01465798,0.00075467933651933,0.669188621450423,0.503375163703577,0,two.sided,trend_timeSeries,Sen's slope,50,-0.00122687846009319,0.00293246921542316
01466500,-0.0007005066477742,-2.39234932168526,0.0167409004574302,0,two.sided,trend_timeSeries,Sen's slope,50,-0.00131862318218331,-0.000137418103633762
01467000,-0.0000361709716391764,-0.184026870898866,0.853992374978471,0,two.sided,trend_timeSeries,Sen's slope,50,-0.000508207141640963,0.000473816809423
01467048,0.000315508572292554,0.30113487965269,0.763311644610786,0,two.sided,trend_timeSeries,Sen's slope,50,-0.00159196979013951,0.00225441857403004
01467150,0.00458739592059777,3.88129400441245,0.000103902139772029,0,two.sided,trend_timeSeries,Sen's slope,50,0.00234596349128237,0.00629604673006578
01469500,-0.000709819683649301,-2.32543045954022,0.0200489543378074,0,two.sided,trend_timeSeries,Sen's slope,50,-0.00139875113005048,-0.00014532112167525
01470500,-0.000204261345839144,-0.702648052522944,0.482275108504501,0,two.sided,trend_timeSeries,Sen's slope,50,-0.000995138187995522,0.000377130378330417
01470960,-0.0006783250473555,-1.84026870898866,0.0657287969290145,0,two.sided,trend_timeSeries,Sen's slope,50,-0.00137982432893023,0.0000791818560213448
01471000,-0.000415767016875906,-1.07070179432068,0.284303535743958,0,two.sided,trend_timeSeries,Sen's slope,50,-0.000987624976928111,0.000287847617821498
01472000,-0.000338814650644827,-1.32164752736458,0.186285549238115,0,two.sided,trend_timeSeries,Sen's slope,50,-0.00099699518872328,0.000155617475017622
01472157,0.00019353349915104,0.267675448580169,0.788949149586739,0,two.sided,trend_timeSeries,Sen's slope,50,-0.00131250016496636,0.0016199899432841
01473000,0.000295936088911601,0.184026870898866,0.853992374978471,0,two.sided,trend_timeSeries,Sen's slope,50,-0.00153073591438618,0.00239523545236881
01474000,-0.000469476042006752,-0.384783457333993,0.700397856394209,0,two.sided,trend_timeSeries,Sen's slope,50,-0.00218094559301335,0.00165843967280913
01474500,-0.000283630696822828,-0.702648052522944,0.482275108504501,0,two.sided,trend_timeSeries,Sen's slope,50,-0.00104013899103073,0.00052309285395111
01477120,0.00135645030908283,1.32164752736458,0.186285549238115,0,two.sided,trend_timeSeries,Sen's slope,50,-0.000676349188667356,0.00302401573978966
01477800,-0.000389109914363531,-0.200756586435127,0.840888910748716,0,two.sided,trend_timeSeries,Sen's slope,50,-0.00260422850442621,0.00233863000466923
01478000,-0.0022099960842494,-2.24178188185892,0.0249754727739968,0,two.sided,trend_timeSeries,Sen's slope,50,-0.00409794167173777,-0.00036889667934757
01479000,-0.0000269111501856566,0,1,0,two.sided,trend_timeSeries,Sen's slope,50,-0.00171154783299303,0.00192628997064553
01480000,0.00104094322703175,1.15435037200198,0.248356552804379,0,two.sided,trend_timeSeries,Sen's slope,50,-0.00075251926698412,0.00295803810227279
01480300,0.000882740917690447,0.652458905914162,0.514105174538706,0,two.sided,trend_timeSeries,Sen's slope,50,-0.00166595163925967,0.00319544719795576
01480675,0.0008407273116015,1.67297155362606,0.0943328961618052,0,two.sided,trend_timeSeries,Sen's slope,50,-0.00018767944510539,0.00170296972769142
01480700,-0.000364043294570659,-0.702648052522944,0.482275108504501,0,two.sided,trend_timeSeries,Sen's slope,50,-0.00171794677707808,0.000759012133932122
01481000,0.000512413526227478,1.07070179432068,0.284303535743958,0,two.sided,trend_timeSeries,Sen's slope,50,-0.000456414083838902,0.00157543546672607
01481500,0.000470668690786755,0.88667492342181,0.375253943032718,0,two.sided,trend_timeSeries,Sen's slope,50,-0.000634113883820044,0.00154899551634684
01483200,-0.000566457369887891,-0.652458905914162,0.514105174538706,0,two.sided,trend_timeSeries,Sen's slope,50,-0.00219526553095537,0.00123185797583454
01483700,0.00122121109300461,2.72694363241047,0.00639239580406249,0,two.sided,trend_timeSeries,Sen's slope,50,0.000452401275780715,0.00208935595993891
01484100,0.00214313335227497,3.14518652081699,0.0016598097013283,0,two.sided,trend_timeSeries,Sen's slope,50,0.000818739215502846,0.003474871563189
01485500,0.00141847672458915,1.95737671774249,0.0503031937297206,0,two.sided,trend_timeSeries,Sen's slope,50,-0.00000121588094235171,0.002572891967732
01487000,-0.0000710289810745118,-0.184026870898866,0.853992374978471,0,two.sided,trend_timeSeries,Sen's slope,50,-0.000895484725252499,0.0006747146774982
01491000,0.000921801506595039,1.20453951861076,0.228381117309063,0,two.sided,trend_timeSeries,Sen's slope,50,-0.000515946571297822,0.002593091538501
01495000,-0.000561903053003806,-0.552080612696599,0.580893124138696,0,two.sided,trend_timeSeries,Sen's slope,50,-0.00262788301542026,0.00143674593560769
01500000,-0.00184206097946546,-3.74745628012237,0.000178636960541993,0,two.sided,trend_timeSeries,Sen's slope,50,-0.00270281971186857,-0.000959362615622759
01503000,0.0000370952815361283,0.250945733043909,0.801856065566224,0,two.sided,trend_timeSeries,Sen's slope,50,-0.0004109604919265,0.000474389429226001
01510000,0.0004494888711545,1.05397207878442,0.291895700594215,0,two.sided,trend_timeSeries,Sen's slope,50,-0.00038271871683343,0.0013939357520867
01512500,0.000715071179622282,3.02807851206316,0.0024611413612515,0,two.sided,trend_timeSeries,Sen's slope,50,0.000261312353874815,0.00121586588884285
01516500,0.000779509151373166,0.836485776813028,0.402881674992069,0,two.sided,trend_timeSeries,Sen's slope,50,-0.00115522461573637,0.00275536304076694
01518000,-0.00249404132842605,-4.90180665212435,0.000000949592743531186,0,two.sided,trend_timeSeries,Sen's slope,50,-0.00333667902174233,-0.001690635945934
01520000,-0.001913688856694,-3.32921339171585,0.000870916491478497,0,two.sided,trend_timeSeries,Sen's slope,50,-0.0028524439920327,-0.00090574240629229
01521500,0.000698371515329613,1.08743150985694,0.276846151940742,0,two.sided,trend_timeSeries,Sen's slope,50,-0.000616494498858825,0.00176969781496929
01523500,-0.000210909922452501,-0.535350897160338,0.592407237522452,0,two.sided,trend_timeSeries,Sen's slope,50,-0.00127120693490701,0.000712462308978331
01524500,-0.000431319432709192,-1.12089094092946,0.262334287449941,0,two.sided,trend_timeSeries,Sen's slope,50,-0.00132201437759045,0.000346760232443909
01526500,-0.00170142236020128,-3.86456428887619,0.000111287676586852,0,two.sided,trend_timeSeries,Sen's slope,50,-0.002690704419664,-0.00102669372338181
01529500,-0.0000553675595691366,-0.117108008753824,0.90677446334059,0,two.sided,trend_timeSeries,Sen's slope,50,-0.000863348882659654,0.000510245913884124
01531000,-0.000729903220491428,-1.80680927791614,0.0707920216049563,0,two.sided,trend_timeSeries,Sen's slope,50,-0.00162981474198117,0.0000399296998283745
01531500,-0.000176871582318679,-0.535350897160338,0.592407237522452,0,two.sided,trend_timeSeries,Sen's slope,50,-0.000736488430476186,0.000401641723217075
01532000,-0.000365467870854621,-0.434972603942775,0.663582313144632,0,two.sided,trend_timeSeries,Sen's slope,50,-0.00231329731702513,0.00132543521487209
01534000,-0.000614088017457585,-1.13762065646572,0.255278917379629,0,two.sided,trend_timeSeries,Sen's slope,50,-0.00153438428288,0.00050376233879651
01534300,0.000294630484536892,0.769566914667986,0.441556837193142,0,two.sided,trend_timeSeries,Sen's slope,50,-0.00043968792411106,0.00107002447349612
01534500,0.000206901847436852,0.702648052522944,0.482275108504501,0,two.sided,trend_timeSeries,Sen's slope,50,-0.000382250641129614,0.000775382476490599
01536000,0.000460908269712861,1.25472866521954,0.209577276048761,0,two.sided,trend_timeSeries,Sen's slope,50,-0.000261667954212424,0.0012254450074944
01536500,-0.0000511196154976477,-0.217486301971387,0.827829380976393,0,two.sided,trend_timeSeries,Sen's slope,50,-0.000554127863251928,0.00042104050639613
01538000,-0.0000612396278560585,-0.117108008753824,0.90677446334059,0,two.sided,trend_timeSeries,Sen's slope,50,-0.000993524215118561,0.00102796546268947
01539000,0.000140825080312069,0.351324026261472,0.725345271990754,0,two.sided,trend_timeSeries,Sen's slope,50,-0.000765130349441002,0.00133125008672142
01540500,-0.00024407397119495,-1.03724236324816,0.299622919484759,0,two.sided,trend_timeSeries,Sen's slope,50,-0.000731501620264784,0.000273716880289355
01541000,-0.000225433871608349,-0.568810328232859,0.569484864788368,0,two.sided,trend_timeSeries,Sen's slope,50,-0.00117417898698545,0.000600894235029029
01541200,-0.000110309928437,-0.518621181624078,0.604024935149754,0,two.sided,trend_timeSeries,Sen's slope,50,-0.00053023425264859,0.000331247169590444
01541500,-0.000280122892221223,-0.669188621450423,0.503375163703577,0,two.sided,trend_timeSeries,Sen's slope,50,-0.001055455585723,0.0004889122087925
01542810,-0.000444914381658501,-0.819756061276768,0.412355183890253,0,two.sided,trend_timeSeries,Sen's slope,50,-0.00172900767025277,0.000748339217321371
01543000,0.000184904814411802,0.418242888406514,0.675769541350962,0,two.sided,trend_timeSeries,Sen's slope,50,-0.000862654277483311,0.00140604755614971
01543500,-0.000145407268589531,-0.217486301971387,0.827829380976393,0,two.sided,trend_timeSeries,Sen's slope,50,-0.0011279486211616,0.000881280588756884
01544000,-0.000284934469805834,-0.719377768059205,0.471908191139076,0,two.sided,trend_timeSeries,Sen's slope,50,-0.00104793052216829,0.000286726999554148
01544500,-0.000936133242648533,-2.22505216632266,0.0260777363536723,0,two.sided,trend_timeSeries,Sen's slope,50,-0.00184672968927259,-0.000125172573877773
01545000,-0.000690670466764635,-1.99083614881501,0.0464989037819365,0,two.sided,trend_timeSeries,Sen's slope,50,-0.00138431074372472,-0.0000173024940273658
01545500,0.0000233663448256927,0.0836485776813028,0.933335842841861,0,two.sided,trend_timeSeries,Sen's slope,50,-0.00048558395701782,0.000499994381628899
01545600,-0.000563000266301047,-1.28818809629206,0.197680494654529,0,two.sided,trend_timeSeries,Sen's slope,50,-0.0014923773958852,0.0003233479049045
01546500,0.0000275163253523931,0.0836485776813028,0.933335842841861,0,two.sided,trend_timeSeries,Sen's slope,50,-0.000522614635347651,0.000582593165499721
01547100,-0.000295839765675164,-1.32164752736458,0.186285549238115,0,two.sided,trend_timeSeries,Sen's slope,50,-0.00080118954287595,0.000172452375281455
01547200,-0.000230127670426003,-0.518621181624078,0.604024935149754,0,two.sided,trend_timeSeries,Sen's slope,50,-0.00110447490822941,0.000598082792449714
01547500,0.000258635837093432,1.05397207878442,0.291895700594215,0,two.sided,trend_timeSeries,Sen's slope,50,-0.000267362708512406,0.000792303406061925
01547700,0.000254258998556495,0.485161750551557,0.627561611989235,0,two.sided,trend_timeSeries,Sen's slope,50,-0.000972540311995669,0.00130048639515906
01547950,-0.000496532965204199,-1.57259326040849,0.115813029236007,0,two.sided,trend_timeSeries,Sen's slope,50,-0.00124683931147093,0.000131475213815833
01548500,-0.000775453542547784,-1.53913382933597,0.123771627769974,0,two.sided,trend_timeSeries,Sen's slope,50,-0.00160394973753137,0.000205583096823875
01549500,-0.00109234237925625,-1.6562418380898,0.0976728536695284,0,two.sided,trend_timeSeries,Sen's slope,50,-0.00229117703873487,0.000238488250705415
01549700,-0.00101477787010275,-2.55964647704787,0.0104778689866351,0,two.sided,trend_timeSeries,Sen's slope,50,-0.00191927927233976,-0.000378140277217455
01550000,-0.00042912775969039,-0.752837199131726,0.451547750080907,0,two.sided,trend_timeSeries,Sen's slope,50,-0.00144502294403873,0.000805816174771482
01551500,-0.00028182513296025,-0.752837199131726,0.451547750080907,0,two.sided,trend_timeSeries,Sen's slope,50,-0.000843872829821158,0.00032056750526156
01552500,-0.000872886898145726,-1.12089094092946,0.262334287449941,0,two.sided,trend_timeSeries,Sen's slope,50,-0.00259971349538192,0.000751779621627875
01553500,-0.000208734428735872,-0.702648052522944,0.482275108504501,0,two.sided,trend_timeSeries,Sen's slope,50,-0.000775489278399389,0.000394544828882727
01554000,-0.000175198871726861,-0.652458905914162,0.514105174538706,0,two.sided,trend_timeSeries,Sen's slope,50,-0.000659672211257285,0.000333768964152395
01555000,-0.000434350160630923,-1.07070179432068,0.284303535743958,0,two.sided,trend_timeSeries,Sen's slope,50,-0.00129592291278607,0.00042075249228325
01555500,-0.000557248667303414,-0.920134354494331,0.357502553590208,0,two.sided,trend_timeSeries,Sen's slope,50,-0.00166244787111396,0.000506394998843951
01556000,0.000228917986690821,0.685918336986683,0.49276460624325,0,two.sided,trend_timeSeries,Sen's slope,50,-0.000646717775308959,0.00108103760769713
01557500,0.000640149242366999,1.38856638950963,0.164964643698312,0,two.sided,trend_timeSeries,Sen's slope,50,-0.000301340214190742,0.00166212253618881
01558000,-0.0000594476981332583,-0.250945733043909,0.801856065566224,0,two.sided,trend_timeSeries,Sen's slope,50,-0.000875524216722501,0.000741217145146103
01559000,0.000158317835250949,0.334594310725211,0.737931137172418,0,two.sided,trend_timeSeries,Sen's slope,50,-0.000709317122779218,0.00096995882046457
01560000,0.000486502801556481,0.88667492342181,0.375253943032718,0,two.sided,trend_timeSeries,Sen's slope,50,-0.000619637003310421,0.00161453085903689
01562000,-0.000481556920480815,-1.00378293217563,0.315483252916377,0,two.sided,trend_timeSeries,Sen's slope,50,-0.00144644685716011,0.000566425960753946
01563200,-0.000150488624714314,-0.30113487965269,0.763311644610786,0,two.sided,trend_timeSeries,Sen's slope,50,-0.0010985848315,0.000873808346059069
01563500,0.00000051924038565446,0,1,0,two.sided,trend_timeSeries,Sen's slope,50,-0.0005527137532618,0.000647410076920675
01564500,-0.00103343087294536,-2.10794415756883,0.0350358200268029,0,two.sided,trend_timeSeries,Sen's slope,50,-0.00198947127425931,-0.0000871264698609608
01567000,0.0000547301132309587,0.217486301971387,0.827829380976393,0,two.sided,trend_timeSeries,Sen's slope,50,-0.000594348504828318,0.000654745564942143
01567500,-0.000984180265458311,-1.03724236324816,0.299622919484759,0,two.sided,trend_timeSeries,Sen's slope,50,-0.0027818369391148,0.000799972332267501
01568000,0.000138999509082235,0.167297155362606,0.867136242289505,0,two.sided,trend_timeSeries,Sen's slope,50,-0.00115689754219584,0.00155312718397373
01570000,-0.000418900698553143,-1.20453951861076,0.228381117309063,0,two.sided,trend_timeSeries,Sen's slope,50,-0.00120359191574941,0.000317220205183889
01571500,0.000125341443489496,0.485161750551557,0.627561611989235,0,two.sided,trend_timeSeries,Sen's slope,50,-0.000572780800967143,0.000668082465746659
01573000,0.00010145845836775,0.234216017507648,0.814817280649534,0,two.sided,trend_timeSeries,Sen's slope,50,-0.000917058692183387,0.00105120984377242
01574000,-0.000494986467054193,-1.03724236324816,0.299622919484759,0,two.sided,trend_timeSeries,Sen's slope,50,-0.00159564755396329,0.000555942437356153
01574500,0.000170737503197818,0.351324026261472,0.725345271990754,0,two.sided,trend_timeSeries,Sen's slope,50,-0.000977879813860001,0.0012426816186399
01576500,-0.000442350770188504,-0.903404638958071,0.366311178847137,0,two.sided,trend_timeSeries,Sen's slope,50,-0.00155623685440927,0.000658002904014227
